"NomeDoArquivo","Caminho","TamanhoKB","ModificadoEm"
"FSharp.Compiler.Service.resources.dll","F:\Projetos dotNet\Web-Project\LabWeb7-Project\LabWebMvc.Mvc\bin\Debug\net8.0\cs\FSharp.Compiler.Service.resources.dll","349,66","23/10/2023 12:45:36"
"FSharp.Core.resources.dll","F:\Projetos dotNet\Web-Project\LabWeb7-Project\LabWebMvc.Mvc\bin\Debug\net8.0\cs\FSharp.Core.resources.dll","33,66","23/10/2023 12:43:48"
"FSharp.DependencyManager.Nuget.resources.dll","F:\Projetos dotNet\Web-Project\LabWeb7-Project\LabWebMvc.Mvc\bin\Debug\net8.0\cs\FSharp.DependencyManager.Nuget.resources.dll","16,16","23/10/2023 12:43:54"
"Microsoft.CodeAnalysis.CSharp.Features.resources.dll","F:\Projetos dotNet\Web-Project\LabWeb7-Project\LabWebMvc.Mvc\bin\Debug\net8.0\cs\Microsoft.CodeAnalysis.CSharp.Features.resources.dll","45,16","08/11/2023 14:58:42"
"Microsoft.CodeAnalysis.CSharp.resources.dll","F:\Projetos dotNet\Web-Project\LabWeb7-Project\LabWebMvc.Mvc\bin\Debug\net8.0\cs\Microsoft.CodeAnalysis.CSharp.resources.dll","411,67","08/11/2023 14:56:08"
"Microsoft.CodeAnalysis.CSharp.Scripting.resources.dll","F:\Projetos dotNet\Web-Project\LabWeb7-Project\LabWebMvc.Mvc\bin\Debug\net8.0\cs\Microsoft.CodeAnalysis.CSharp.Scripting.resources.dll","16,77","08/11/2023 14:56:16"
"Microsoft.CodeAnalysis.CSharp.Workspaces.resources.dll","F:\Projetos dotNet\Web-Project\LabWeb7-Project\LabWebMvc.Mvc\bin\Debug\net8.0\cs\Microsoft.CodeAnalysis.CSharp.Workspaces.resources.dll","17,66","08/11/2023 14:56:22"
"Microsoft.CodeAnalysis.Features.resources.dll","F:\Projetos dotNet\Web-Project\LabWeb7-Project\LabWebMvc.Mvc\bin\Debug\net8.0\cs\Microsoft.CodeAnalysis.Features.resources.dll","186,76","08/11/2023 14:52:26"
"Microsoft.CodeAnalysis.resources.dll","F:\Projetos dotNet\Web-Project\LabWeb7-Project\LabWebMvc.Mvc\bin\Debug\net8.0\cs\Microsoft.CodeAnalysis.resources.dll","45,66","08/11/2023 14:46:04"
"Microsoft.CodeAnalysis.Scripting.resources.dll","F:\Projetos dotNet\Web-Project\LabWeb7-Project\LabWebMvc.Mvc\bin\Debug\net8.0\cs\Microsoft.CodeAnalysis.Scripting.resources.dll","17,77","08/11/2023 14:52:04"
"Microsoft.CodeAnalysis.VisualBasic.resources.dll","F:\Projetos dotNet\Web-Project\LabWeb7-Project\LabWebMvc.Mvc\bin\Debug\net8.0\cs\Microsoft.CodeAnalysis.VisualBasic.resources.dll","293,67","08/11/2023 14:51:28"
"Microsoft.CodeAnalysis.VisualBasic.Workspaces.resources.dll","F:\Projetos dotNet\Web-Project\LabWeb7-Project\LabWebMvc.Mvc\bin\Debug\net8.0\cs\Microsoft.CodeAnalysis.VisualBasic.Workspaces.resources.dll","25,16","08/11/2023 14:55:50"
"Microsoft.CodeAnalysis.Workspaces.MSBuild.BuildHost.resources.dll","F:\Projetos dotNet\Web-Project\LabWeb7-Project\LabWebMvc.Mvc\bin\Debug\net8.0\cs\Microsoft.CodeAnalysis.Workspaces.MSBuild.BuildHost.resources.dll","17,16","08/11/2023 14:52:26"
"Microsoft.CodeAnalysis.Workspaces.resources.dll","F:\Projetos dotNet\Web-Project\LabWeb7-Project\LabWebMvc.Mvc\bin\Debug\net8.0\cs\Microsoft.CodeAnalysis.Workspaces.resources.dll","47,17","08/11/2023 14:51:54"
"Microsoft.Data.SqlClient.resources.dll","F:\Projetos dotNet\Web-Project\LabWeb7-Project\LabWebMvc.Mvc\bin\Debug\net8.0\cs\Microsoft.Data.SqlClient.resources.dll","255,12","25/04/2025 16:03:48"
"Microsoft.DotNet.Interactive.resources.dll","F:\Projetos dotNet\Web-Project\LabWeb7-Project\LabWebMvc.Mvc\bin\Debug\net8.0\cs\Microsoft.DotNet.Interactive.resources.dll","18,03","11/12/2023 05:18:52"
"System.CommandLine.resources.dll","F:\Projetos dotNet\Web-Project\LabWeb7-Project\LabWebMvc.Mvc\bin\Debug\net8.0\cs\System.CommandLine.resources.dll","18,91","22/05/2022 16:39:50"
"FSharp.Compiler.Service.resources.dll","F:\Projetos dotNet\Web-Project\LabWeb7-Project\LabWebMvc.Mvc\bin\Debug\net8.0\de\FSharp.Compiler.Service.resources.dll","372,16","23/10/2023 12:45:36"
"FSharp.Core.resources.dll","F:\Projetos dotNet\Web-Project\LabWeb7-Project\LabWebMvc.Mvc\bin\Debug\net8.0\de\FSharp.Core.resources.dll","34,67","23/10/2023 12:43:48"
"FSharp.DependencyManager.Nuget.resources.dll","F:\Projetos dotNet\Web-Project\LabWeb7-Project\LabWebMvc.Mvc\bin\Debug\net8.0\de\FSharp.DependencyManager.Nuget.resources.dll","16,16","23/10/2023 12:43:54"
"Microsoft.CodeAnalysis.CSharp.Features.resources.dll","F:\Projetos dotNet\Web-Project\LabWeb7-Project\LabWebMvc.Mvc\bin\Debug\net8.0\de\Microsoft.CodeAnalysis.CSharp.Features.resources.dll","45,67","08/11/2023 14:58:42"
"Microsoft.CodeAnalysis.CSharp.resources.dll","F:\Projetos dotNet\Web-Project\LabWeb7-Project\LabWebMvc.Mvc\bin\Debug\net8.0\de\Microsoft.CodeAnalysis.CSharp.resources.dll","439,66","08/11/2023 14:56:08"
"Microsoft.CodeAnalysis.CSharp.Scripting.resources.dll","F:\Projetos dotNet\Web-Project\LabWeb7-Project\LabWebMvc.Mvc\bin\Debug\net8.0\de\Microsoft.CodeAnalysis.CSharp.Scripting.resources.dll","17,27","08/11/2023 14:56:16"
"Microsoft.CodeAnalysis.CSharp.Workspaces.resources.dll","F:\Projetos dotNet\Web-Project\LabWeb7-Project\LabWebMvc.Mvc\bin\Debug\net8.0\de\Microsoft.CodeAnalysis.CSharp.Workspaces.resources.dll","17,66","08/11/2023 14:56:22"
"Microsoft.CodeAnalysis.Features.resources.dll","F:\Projetos dotNet\Web-Project\LabWeb7-Project\LabWebMvc.Mvc\bin\Debug\net8.0\de\Microsoft.CodeAnalysis.Features.resources.dll","196,78","08/11/2023 14:52:26"
"Microsoft.CodeAnalysis.resources.dll","F:\Projetos dotNet\Web-Project\LabWeb7-Project\LabWebMvc.Mvc\bin\Debug\net8.0\de\Microsoft.CodeAnalysis.resources.dll","47,17","08/11/2023 14:46:04"
"Microsoft.CodeAnalysis.Scripting.resources.dll","F:\Projetos dotNet\Web-Project\LabWeb7-Project\LabWebMvc.Mvc\bin\Debug\net8.0\de\Microsoft.CodeAnalysis.Scripting.resources.dll","18,17","08/11/2023 14:52:04"
"Microsoft.CodeAnalysis.VisualBasic.resources.dll","F:\Projetos dotNet\Web-Project\LabWeb7-Project\LabWebMvc.Mvc\bin\Debug\net8.0\de\Microsoft.CodeAnalysis.VisualBasic.resources.dll","308,67","08/11/2023 14:51:30"
"Microsoft.CodeAnalysis.VisualBasic.Workspaces.resources.dll","F:\Projetos dotNet\Web-Project\LabWeb7-Project\LabWebMvc.Mvc\bin\Debug\net8.0\de\Microsoft.CodeAnalysis.VisualBasic.Workspaces.resources.dll","25,66","08/11/2023 14:55:50"
"Microsoft.CodeAnalysis.Workspaces.MSBuild.BuildHost.resources.dll","F:\Projetos dotNet\Web-Project\LabWeb7-Project\LabWebMvc.Mvc\bin\Debug\net8.0\de\Microsoft.CodeAnalysis.Workspaces.MSBuild.BuildHost.resources.dll","17,16","08/11/2023 14:52:26"
"Microsoft.CodeAnalysis.Workspaces.resources.dll","F:\Projetos dotNet\Web-Project\LabWeb7-Project\LabWebMvc.Mvc\bin\Debug\net8.0\de\Microsoft.CodeAnalysis.Workspaces.resources.dll","48,66","08/11/2023 14:51:56"
"Microsoft.Data.SqlClient.resources.dll","F:\Projetos dotNet\Web-Project\LabWeb7-Project\LabWebMvc.Mvc\bin\Debug\net8.0\de\Microsoft.Data.SqlClient.resources.dll","265,13","25/04/2025 16:03:48"
"Microsoft.DotNet.Interactive.resources.dll","F:\Projetos dotNet\Web-Project\LabWeb7-Project\LabWebMvc.Mvc\bin\Debug\net8.0\de\Microsoft.DotNet.Interactive.resources.dll","18,53","11/12/2023 05:18:52"
"PdfSharpCore.resources.dll","F:\Projetos dotNet\Web-Project\LabWeb7-Project\LabWebMvc.Mvc\bin\Debug\net8.0\de\PdfSharpCore.resources.dll","6","03/04/2025 17:55:06"
"System.CommandLine.resources.dll","F:\Projetos dotNet\Web-Project\LabWeb7-Project\LabWebMvc.Mvc\bin\Debug\net8.0\de\System.CommandLine.resources.dll","18,91","22/05/2022 16:39:50"
"FluentMigrator.Abstractions.resources.dll","F:\Projetos dotNet\Web-Project\LabWeb7-Project\LabWebMvc.Mvc\bin\Debug\net8.0\de-DE\FluentMigrator.Abstractions.resources.dll","11,5","29/03/2025 16:27:24"
"FSharp.Compiler.Service.resources.dll","F:\Projetos dotNet\Web-Project\LabWeb7-Project\LabWebMvc.Mvc\bin\Debug\net8.0\es\FSharp.Compiler.Service.resources.dll","363,78","23/10/2023 12:45:36"
"FSharp.Core.resources.dll","F:\Projetos dotNet\Web-Project\LabWeb7-Project\LabWebMvc.Mvc\bin\Debug\net8.0\es\FSharp.Core.resources.dll","33,66","23/10/2023 12:43:48"
"FSharp.DependencyManager.Nuget.resources.dll","F:\Projetos dotNet\Web-Project\LabWeb7-Project\LabWebMvc.Mvc\bin\Debug\net8.0\es\FSharp.DependencyManager.Nuget.resources.dll","16,28","23/10/2023 12:43:54"
"Microsoft.CodeAnalysis.CSharp.Features.resources.dll","F:\Projetos dotNet\Web-Project\LabWeb7-Project\LabWebMvc.Mvc\bin\Debug\net8.0\es\Microsoft.CodeAnalysis.CSharp.Features.resources.dll","46,16","08/11/2023 14:58:42"
"Microsoft.CodeAnalysis.CSharp.resources.dll","F:\Projetos dotNet\Web-Project\LabWeb7-Project\LabWebMvc.Mvc\bin\Debug\net8.0\es\Microsoft.CodeAnalysis.CSharp.resources.dll","430,16","08/11/2023 14:56:08"
"Microsoft.CodeAnalysis.CSharp.Scripting.resources.dll","F:\Projetos dotNet\Web-Project\LabWeb7-Project\LabWebMvc.Mvc\bin\Debug\net8.0\es\Microsoft.CodeAnalysis.CSharp.Scripting.resources.dll","17,27","08/11/2023 14:56:16"
"Microsoft.CodeAnalysis.CSharp.Workspaces.resources.dll","F:\Projetos dotNet\Web-Project\LabWeb7-Project\LabWebMvc.Mvc\bin\Debug\net8.0\es\Microsoft.CodeAnalysis.CSharp.Workspaces.resources.dll","17,66","08/11/2023 14:56:22"
"Microsoft.CodeAnalysis.Features.resources.dll","F:\Projetos dotNet\Web-Project\LabWeb7-Project\LabWebMvc.Mvc\bin\Debug\net8.0\es\Microsoft.CodeAnalysis.Features.resources.dll","194,27","08/11/2023 14:52:26"
"Microsoft.CodeAnalysis.resources.dll","F:\Projetos dotNet\Web-Project\LabWeb7-Project\LabWebMvc.Mvc\bin\Debug\net8.0\es\Microsoft.CodeAnalysis.resources.dll","47,17","08/11/2023 14:46:04"
"Microsoft.CodeAnalysis.Scripting.resources.dll","F:\Projetos dotNet\Web-Project\LabWeb7-Project\LabWebMvc.Mvc\bin\Debug\net8.0\es\Microsoft.CodeAnalysis.Scripting.resources.dll","17,67","08/11/2023 14:52:04"
"Microsoft.CodeAnalysis.VisualBasic.resources.dll","F:\Projetos dotNet\Web-Project\LabWeb7-Project\LabWebMvc.Mvc\bin\Debug\net8.0\es\Microsoft.CodeAnalysis.VisualBasic.resources.dll","304,27","08/11/2023 14:51:30"
"Microsoft.CodeAnalysis.VisualBasic.Workspaces.resources.dll","F:\Projetos dotNet\Web-Project\LabWeb7-Project\LabWebMvc.Mvc\bin\Debug\net8.0\es\Microsoft.CodeAnalysis.VisualBasic.Workspaces.resources.dll","25,17","08/11/2023 14:55:50"
"Microsoft.CodeAnalysis.Workspaces.MSBuild.BuildHost.resources.dll","F:\Projetos dotNet\Web-Project\LabWeb7-Project\LabWebMvc.Mvc\bin\Debug\net8.0\es\Microsoft.CodeAnalysis.Workspaces.MSBuild.BuildHost.resources.dll","17,17","08/11/2023 14:52:26"
"Microsoft.CodeAnalysis.Workspaces.resources.dll","F:\Projetos dotNet\Web-Project\LabWeb7-Project\LabWebMvc.Mvc\bin\Debug\net8.0\es\Microsoft.CodeAnalysis.Workspaces.resources.dll","48,66","08/11/2023 14:51:58"
"Microsoft.Data.SqlClient.resources.dll","F:\Projetos dotNet\Web-Project\LabWeb7-Project\LabWebMvc.Mvc\bin\Debug\net8.0\es\Microsoft.Data.SqlClient.resources.dll","256,65","25/04/2025 16:04:20"
"Microsoft.DotNet.Interactive.resources.dll","F:\Projetos dotNet\Web-Project\LabWeb7-Project\LabWebMvc.Mvc\bin\Debug\net8.0\es\Microsoft.DotNet.Interactive.resources.dll","18,03","11/12/2023 05:18:52"
"System.CommandLine.resources.dll","F:\Projetos dotNet\Web-Project\LabWeb7-Project\LabWebMvc.Mvc\bin\Debug\net8.0\es\System.CommandLine.resources.dll","18,91","22/05/2022 16:39:50"
"FSharp.Compiler.Service.resources.dll","F:\Projetos dotNet\Web-Project\LabWeb7-Project\LabWebMvc.Mvc\bin\Debug\net8.0\fr\FSharp.Compiler.Service.resources.dll","371,17","23/10/2023 12:45:36"
"FSharp.Core.resources.dll","F:\Projetos dotNet\Web-Project\LabWeb7-Project\LabWebMvc.Mvc\bin\Debug\net8.0\fr\FSharp.Core.resources.dll","34,16","23/10/2023 12:43:48"
"FSharp.DependencyManager.Nuget.resources.dll","F:\Projetos dotNet\Web-Project\LabWeb7-Project\LabWebMvc.Mvc\bin\Debug\net8.0\fr\FSharp.DependencyManager.Nuget.resources.dll","16,16","23/10/2023 12:43:54"
"Microsoft.CodeAnalysis.CSharp.Features.resources.dll","F:\Projetos dotNet\Web-Project\LabWeb7-Project\LabWebMvc.Mvc\bin\Debug\net8.0\fr\Microsoft.CodeAnalysis.CSharp.Features.resources.dll","46,66","08/11/2023 14:58:42"
"Microsoft.CodeAnalysis.CSharp.resources.dll","F:\Projetos dotNet\Web-Project\LabWeb7-Project\LabWebMvc.Mvc\bin\Debug\net8.0\fr\Microsoft.CodeAnalysis.CSharp.resources.dll","440,66","08/11/2023 14:56:08"
"Microsoft.CodeAnalysis.CSharp.Scripting.resources.dll","F:\Projetos dotNet\Web-Project\LabWeb7-Project\LabWebMvc.Mvc\bin\Debug\net8.0\fr\Microsoft.CodeAnalysis.CSharp.Scripting.resources.dll","16,77","08/11/2023 14:56:16"
"Microsoft.CodeAnalysis.CSharp.Workspaces.resources.dll","F:\Projetos dotNet\Web-Project\LabWeb7-Project\LabWebMvc.Mvc\bin\Debug\net8.0\fr\Microsoft.CodeAnalysis.CSharp.Workspaces.resources.dll","17,77","08/11/2023 14:56:22"
"Microsoft.CodeAnalysis.Features.resources.dll","F:\Projetos dotNet\Web-Project\LabWeb7-Project\LabWebMvc.Mvc\bin\Debug\net8.0\fr\Microsoft.CodeAnalysis.Features.resources.dll","200,77","08/11/2023 14:52:26"
"Microsoft.CodeAnalysis.resources.dll","F:\Projetos dotNet\Web-Project\LabWeb7-Project\LabWebMvc.Mvc\bin\Debug\net8.0\fr\Microsoft.CodeAnalysis.resources.dll","47,66","08/11/2023 14:46:04"
"Microsoft.CodeAnalysis.Scripting.resources.dll","F:\Projetos dotNet\Web-Project\LabWeb7-Project\LabWebMvc.Mvc\bin\Debug\net8.0\fr\Microsoft.CodeAnalysis.Scripting.resources.dll","18,17","08/11/2023 14:52:04"
"Microsoft.CodeAnalysis.VisualBasic.resources.dll","F:\Projetos dotNet\Web-Project\LabWeb7-Project\LabWebMvc.Mvc\bin\Debug\net8.0\fr\Microsoft.CodeAnalysis.VisualBasic.resources.dll","311,17","08/11/2023 14:51:30"
"Microsoft.CodeAnalysis.VisualBasic.Workspaces.resources.dll","F:\Projetos dotNet\Web-Project\LabWeb7-Project\LabWebMvc.Mvc\bin\Debug\net8.0\fr\Microsoft.CodeAnalysis.VisualBasic.Workspaces.resources.dll","25,16","08/11/2023 14:55:50"
"Microsoft.CodeAnalysis.Workspaces.MSBuild.BuildHost.resources.dll","F:\Projetos dotNet\Web-Project\LabWeb7-Project\LabWebMvc.Mvc\bin\Debug\net8.0\fr\Microsoft.CodeAnalysis.Workspaces.MSBuild.BuildHost.resources.dll","17,27","08/11/2023 14:52:26"
"Microsoft.CodeAnalysis.Workspaces.resources.dll","F:\Projetos dotNet\Web-Project\LabWeb7-Project\LabWebMvc.Mvc\bin\Debug\net8.0\fr\Microsoft.CodeAnalysis.Workspaces.resources.dll","49,66","08/11/2023 14:52:00"
"Microsoft.Data.SqlClient.resources.dll","F:\Projetos dotNet\Web-Project\LabWeb7-Project\LabWebMvc.Mvc\bin\Debug\net8.0\fr\Microsoft.Data.SqlClient.resources.dll","266,13","25/04/2025 16:03:26"
"Microsoft.DotNet.Interactive.resources.dll","F:\Projetos dotNet\Web-Project\LabWeb7-Project\LabWebMvc.Mvc\bin\Debug\net8.0\fr\Microsoft.DotNet.Interactive.resources.dll","18,53","11/12/2023 05:18:52"
"System.CommandLine.resources.dll","F:\Projetos dotNet\Web-Project\LabWeb7-Project\LabWebMvc.Mvc\bin\Debug\net8.0\fr\System.CommandLine.resources.dll","18,91","22/05/2022 16:39:50"
"FSharp.Compiler.Service.resources.dll","F:\Projetos dotNet\Web-Project\LabWeb7-Project\LabWebMvc.Mvc\bin\Debug\net8.0\it\FSharp.Compiler.Service.resources.dll","365,17","23/10/2023 12:45:36"
"FSharp.Core.resources.dll","F:\Projetos dotNet\Web-Project\LabWeb7-Project\LabWebMvc.Mvc\bin\Debug\net8.0\it\FSharp.Core.resources.dll","34,16","23/10/2023 12:43:48"
"FSharp.DependencyManager.Nuget.resources.dll","F:\Projetos dotNet\Web-Project\LabWeb7-Project\LabWebMvc.Mvc\bin\Debug\net8.0\it\FSharp.DependencyManager.Nuget.resources.dll","16,17","23/10/2023 12:43:54"
"Microsoft.CodeAnalysis.CSharp.Features.resources.dll","F:\Projetos dotNet\Web-Project\LabWeb7-Project\LabWebMvc.Mvc\bin\Debug\net8.0\it\Microsoft.CodeAnalysis.CSharp.Features.resources.dll","46,27","08/11/2023 14:58:42"
"Microsoft.CodeAnalysis.CSharp.resources.dll","F:\Projetos dotNet\Web-Project\LabWeb7-Project\LabWebMvc.Mvc\bin\Debug\net8.0\it\Microsoft.CodeAnalysis.CSharp.resources.dll","436,76","08/11/2023 14:56:08"
"Microsoft.CodeAnalysis.CSharp.Scripting.resources.dll","F:\Projetos dotNet\Web-Project\LabWeb7-Project\LabWebMvc.Mvc\bin\Debug\net8.0\it\Microsoft.CodeAnalysis.CSharp.Scripting.resources.dll","16,76","08/11/2023 14:56:16"
"Microsoft.CodeAnalysis.CSharp.Workspaces.resources.dll","F:\Projetos dotNet\Web-Project\LabWeb7-Project\LabWebMvc.Mvc\bin\Debug\net8.0\it\Microsoft.CodeAnalysis.CSharp.Workspaces.resources.dll","17,67","08/11/2023 14:56:22"
"Microsoft.CodeAnalysis.Features.resources.dll","F:\Projetos dotNet\Web-Project\LabWeb7-Project\LabWebMvc.Mvc\bin\Debug\net8.0\it\Microsoft.CodeAnalysis.Features.resources.dll","196,26","08/11/2023 14:52:26"
"Microsoft.CodeAnalysis.resources.dll","F:\Projetos dotNet\Web-Project\LabWeb7-Project\LabWebMvc.Mvc\bin\Debug\net8.0\it\Microsoft.CodeAnalysis.resources.dll","47,66","08/11/2023 14:46:04"
"Microsoft.CodeAnalysis.Scripting.resources.dll","F:\Projetos dotNet\Web-Project\LabWeb7-Project\LabWebMvc.Mvc\bin\Debug\net8.0\it\Microsoft.CodeAnalysis.Scripting.resources.dll","18,16","08/11/2023 14:52:04"
"Microsoft.CodeAnalysis.VisualBasic.resources.dll","F:\Projetos dotNet\Web-Project\LabWeb7-Project\LabWebMvc.Mvc\bin\Debug\net8.0\it\Microsoft.CodeAnalysis.VisualBasic.resources.dll","308,77","08/11/2023 14:51:30"
"Microsoft.CodeAnalysis.VisualBasic.Workspaces.resources.dll","F:\Projetos dotNet\Web-Project\LabWeb7-Project\LabWebMvc.Mvc\bin\Debug\net8.0\it\Microsoft.CodeAnalysis.VisualBasic.Workspaces.resources.dll","25,16","08/11/2023 14:55:50"
"Microsoft.CodeAnalysis.Workspaces.MSBuild.BuildHost.resources.dll","F:\Projetos dotNet\Web-Project\LabWeb7-Project\LabWebMvc.Mvc\bin\Debug\net8.0\it\Microsoft.CodeAnalysis.Workspaces.MSBuild.BuildHost.resources.dll","17,17","08/11/2023 14:52:26"
"Microsoft.CodeAnalysis.Workspaces.resources.dll","F:\Projetos dotNet\Web-Project\LabWeb7-Project\LabWebMvc.Mvc\bin\Debug\net8.0\it\Microsoft.CodeAnalysis.Workspaces.resources.dll","49,16","08/11/2023 14:52:02"
"Microsoft.Data.SqlClient.resources.dll","F:\Projetos dotNet\Web-Project\LabWeb7-Project\LabWebMvc.Mvc\bin\Debug\net8.0\it\Microsoft.Data.SqlClient.resources.dll","258,13","25/04/2025 16:04:20"
"Microsoft.DotNet.Interactive.resources.dll","F:\Projetos dotNet\Web-Project\LabWeb7-Project\LabWebMvc.Mvc\bin\Debug\net8.0\it\Microsoft.DotNet.Interactive.resources.dll","18,03","11/12/2023 05:18:52"
"System.CommandLine.resources.dll","F:\Projetos dotNet\Web-Project\LabWeb7-Project\LabWebMvc.Mvc\bin\Debug\net8.0\it\System.CommandLine.resources.dll","18,91","22/05/2022 16:39:50"
"FSharp.Compiler.Service.resources.dll","F:\Projetos dotNet\Web-Project\LabWeb7-Project\LabWebMvc.Mvc\bin\Debug\net8.0\ja\FSharp.Compiler.Service.resources.dll","405,66","23/10/2023 12:45:36"
"FSharp.Core.resources.dll","F:\Projetos dotNet\Web-Project\LabWeb7-Project\LabWebMvc.Mvc\bin\Debug\net8.0\ja\FSharp.Core.resources.dll","36,17","23/10/2023 12:43:48"
"FSharp.DependencyManager.Nuget.resources.dll","F:\Projetos dotNet\Web-Project\LabWeb7-Project\LabWebMvc.Mvc\bin\Debug\net8.0\ja\FSharp.DependencyManager.Nuget.resources.dll","16,16","23/10/2023 12:43:54"
"Microsoft.CodeAnalysis.CSharp.Features.resources.dll","F:\Projetos dotNet\Web-Project\LabWeb7-Project\LabWebMvc.Mvc\bin\Debug\net8.0\ja\Microsoft.CodeAnalysis.CSharp.Features.resources.dll","47,77","08/11/2023 14:58:42"
"Microsoft.CodeAnalysis.CSharp.resources.dll","F:\Projetos dotNet\Web-Project\LabWeb7-Project\LabWebMvc.Mvc\bin\Debug\net8.0\ja\Microsoft.CodeAnalysis.CSharp.resources.dll","481,16","08/11/2023 14:56:08"
"Microsoft.CodeAnalysis.CSharp.Scripting.resources.dll","F:\Projetos dotNet\Web-Project\LabWeb7-Project\LabWebMvc.Mvc\bin\Debug\net8.0\ja\Microsoft.CodeAnalysis.CSharp.Scripting.resources.dll","17,27","08/11/2023 14:56:16"
"Microsoft.CodeAnalysis.CSharp.Workspaces.resources.dll","F:\Projetos dotNet\Web-Project\LabWeb7-Project\LabWebMvc.Mvc\bin\Debug\net8.0\ja\Microsoft.CodeAnalysis.CSharp.Workspaces.resources.dll","17,67","08/11/2023 14:56:22"
"Microsoft.CodeAnalysis.Features.resources.dll","F:\Projetos dotNet\Web-Project\LabWeb7-Project\LabWebMvc.Mvc\bin\Debug\net8.0\ja\Microsoft.CodeAnalysis.Features.resources.dll","206,27","08/11/2023 14:52:26"
"Microsoft.CodeAnalysis.resources.dll","F:\Projetos dotNet\Web-Project\LabWeb7-Project\LabWebMvc.Mvc\bin\Debug\net8.0\ja\Microsoft.CodeAnalysis.resources.dll","50,66","08/11/2023 14:46:04"
"Microsoft.CodeAnalysis.Scripting.resources.dll","F:\Projetos dotNet\Web-Project\LabWeb7-Project\LabWebMvc.Mvc\bin\Debug\net8.0\ja\Microsoft.CodeAnalysis.Scripting.resources.dll","18,17","08/11/2023 14:52:04"
"Microsoft.CodeAnalysis.VisualBasic.resources.dll","F:\Projetos dotNet\Web-Project\LabWeb7-Project\LabWebMvc.Mvc\bin\Debug\net8.0\ja\Microsoft.CodeAnalysis.VisualBasic.resources.dll","343,17","08/11/2023 14:51:30"
"Microsoft.CodeAnalysis.VisualBasic.Workspaces.resources.dll","F:\Projetos dotNet\Web-Project\LabWeb7-Project\LabWebMvc.Mvc\bin\Debug\net8.0\ja\Microsoft.CodeAnalysis.VisualBasic.Workspaces.resources.dll","25,66","08/11/2023 14:55:50"
"Microsoft.CodeAnalysis.Workspaces.MSBuild.BuildHost.resources.dll","F:\Projetos dotNet\Web-Project\LabWeb7-Project\LabWebMvc.Mvc\bin\Debug\net8.0\ja\Microsoft.CodeAnalysis.Workspaces.MSBuild.BuildHost.resources.dll","17,17","08/11/2023 14:52:26"
"Microsoft.CodeAnalysis.Workspaces.resources.dll","F:\Projetos dotNet\Web-Project\LabWeb7-Project\LabWebMvc.Mvc\bin\Debug\net8.0\ja\Microsoft.CodeAnalysis.Workspaces.resources.dll","52,16","08/11/2023 14:52:02"
"Microsoft.Data.SqlClient.resources.dll","F:\Projetos dotNet\Web-Project\LabWeb7-Project\LabWebMvc.Mvc\bin\Debug\net8.0\ja\Microsoft.Data.SqlClient.resources.dll","286,62","25/04/2025 16:03:26"
"Microsoft.DotNet.Interactive.resources.dll","F:\Projetos dotNet\Web-Project\LabWeb7-Project\LabWebMvc.Mvc\bin\Debug\net8.0\ja\Microsoft.DotNet.Interactive.resources.dll","18,53","11/12/2023 05:18:52"
"System.CommandLine.resources.dll","F:\Projetos dotNet\Web-Project\LabWeb7-Project\LabWebMvc.Mvc\bin\Debug\net8.0\ja\System.CommandLine.resources.dll","18,91","22/05/2022 16:39:50"
"FSharp.Compiler.Service.resources.dll","F:\Projetos dotNet\Web-Project\LabWeb7-Project\LabWebMvc.Mvc\bin\Debug\net8.0\ko\FSharp.Compiler.Service.resources.dll","377,16","23/10/2023 12:45:36"
"FSharp.Core.resources.dll","F:\Projetos dotNet\Web-Project\LabWeb7-Project\LabWebMvc.Mvc\bin\Debug\net8.0\ko\FSharp.Core.resources.dll","35,16","23/10/2023 12:43:48"
"FSharp.DependencyManager.Nuget.resources.dll","F:\Projetos dotNet\Web-Project\LabWeb7-Project\LabWebMvc.Mvc\bin\Debug\net8.0\ko\FSharp.DependencyManager.Nuget.resources.dll","16,16","23/10/2023 12:43:54"
"Microsoft.CodeAnalysis.CSharp.Features.resources.dll","F:\Projetos dotNet\Web-Project\LabWeb7-Project\LabWebMvc.Mvc\bin\Debug\net8.0\ko\Microsoft.CodeAnalysis.CSharp.Features.resources.dll","45,28","08/11/2023 14:58:42"
"Microsoft.CodeAnalysis.CSharp.resources.dll","F:\Projetos dotNet\Web-Project\LabWeb7-Project\LabWebMvc.Mvc\bin\Debug\net8.0\ko\Microsoft.CodeAnalysis.CSharp.resources.dll","441,67","08/11/2023 14:56:08"
"Microsoft.CodeAnalysis.CSharp.Scripting.resources.dll","F:\Projetos dotNet\Web-Project\LabWeb7-Project\LabWebMvc.Mvc\bin\Debug\net8.0\ko\Microsoft.CodeAnalysis.CSharp.Scripting.resources.dll","16,77","08/11/2023 14:56:16"
"Microsoft.CodeAnalysis.CSharp.Workspaces.resources.dll","F:\Projetos dotNet\Web-Project\LabWeb7-Project\LabWebMvc.Mvc\bin\Debug\net8.0\ko\Microsoft.CodeAnalysis.CSharp.Workspaces.resources.dll","17,77","08/11/2023 14:56:22"
"Microsoft.CodeAnalysis.Features.resources.dll","F:\Projetos dotNet\Web-Project\LabWeb7-Project\LabWebMvc.Mvc\bin\Debug\net8.0\ko\Microsoft.CodeAnalysis.Features.resources.dll","191,66","08/11/2023 14:52:26"
"Microsoft.CodeAnalysis.resources.dll","F:\Projetos dotNet\Web-Project\LabWeb7-Project\LabWebMvc.Mvc\bin\Debug\net8.0\ko\Microsoft.CodeAnalysis.resources.dll","47,66","08/11/2023 14:46:04"
"Microsoft.CodeAnalysis.Scripting.resources.dll","F:\Projetos dotNet\Web-Project\LabWeb7-Project\LabWebMvc.Mvc\bin\Debug\net8.0\ko\Microsoft.CodeAnalysis.Scripting.resources.dll","18,16","08/11/2023 14:52:04"
"Microsoft.CodeAnalysis.VisualBasic.resources.dll","F:\Projetos dotNet\Web-Project\LabWeb7-Project\LabWebMvc.Mvc\bin\Debug\net8.0\ko\Microsoft.CodeAnalysis.VisualBasic.resources.dll","313,66","08/11/2023 14:51:30"
"Microsoft.CodeAnalysis.VisualBasic.Workspaces.resources.dll","F:\Projetos dotNet\Web-Project\LabWeb7-Project\LabWebMvc.Mvc\bin\Debug\net8.0\ko\Microsoft.CodeAnalysis.VisualBasic.Workspaces.resources.dll","25,17","08/11/2023 14:55:50"
"Microsoft.CodeAnalysis.Workspaces.MSBuild.BuildHost.resources.dll","F:\Projetos dotNet\Web-Project\LabWeb7-Project\LabWebMvc.Mvc\bin\Debug\net8.0\ko\Microsoft.CodeAnalysis.Workspaces.MSBuild.BuildHost.resources.dll","17,16","08/11/2023 14:52:26"
"Microsoft.CodeAnalysis.Workspaces.resources.dll","F:\Projetos dotNet\Web-Project\LabWeb7-Project\LabWebMvc.Mvc\bin\Debug\net8.0\ko\Microsoft.CodeAnalysis.Workspaces.resources.dll","49,16","08/11/2023 14:52:02"
"Microsoft.Data.SqlClient.resources.dll","F:\Projetos dotNet\Web-Project\LabWeb7-Project\LabWebMvc.Mvc\bin\Debug\net8.0\ko\Microsoft.Data.SqlClient.resources.dll","265,14","25/04/2025 16:03:48"
"Microsoft.DotNet.Interactive.resources.dll","F:\Projetos dotNet\Web-Project\LabWeb7-Project\LabWebMvc.Mvc\bin\Debug\net8.0\ko\Microsoft.DotNet.Interactive.resources.dll","18,03","11/12/2023 05:18:52"
"System.CommandLine.resources.dll","F:\Projetos dotNet\Web-Project\LabWeb7-Project\LabWebMvc.Mvc\bin\Debug\net8.0\ko\System.CommandLine.resources.dll","18,89","22/05/2022 16:39:50"
"FSharp.Compiler.Service.resources.dll","F:\Projetos dotNet\Web-Project\LabWeb7-Project\LabWebMvc.Mvc\bin\Debug\net8.0\pl\FSharp.Compiler.Service.resources.dll","371,27","23/10/2023 12:45:36"
"FSharp.Core.resources.dll","F:\Projetos dotNet\Web-Project\LabWeb7-Project\LabWebMvc.Mvc\bin\Debug\net8.0\pl\FSharp.Core.resources.dll","34,67","23/10/2023 12:43:48"
"FSharp.DependencyManager.Nuget.resources.dll","F:\Projetos dotNet\Web-Project\LabWeb7-Project\LabWebMvc.Mvc\bin\Debug\net8.0\pl\FSharp.DependencyManager.Nuget.resources.dll","16,16","23/10/2023 12:43:54"
"Microsoft.CodeAnalysis.CSharp.Features.resources.dll","F:\Projetos dotNet\Web-Project\LabWeb7-Project\LabWebMvc.Mvc\bin\Debug\net8.0\pl\Microsoft.CodeAnalysis.CSharp.Features.resources.dll","46,26","08/11/2023 14:58:42"
"Microsoft.CodeAnalysis.CSharp.resources.dll","F:\Projetos dotNet\Web-Project\LabWeb7-Project\LabWebMvc.Mvc\bin\Debug\net8.0\pl\Microsoft.CodeAnalysis.CSharp.resources.dll","442,66","08/11/2023 14:56:08"
"Microsoft.CodeAnalysis.CSharp.Scripting.resources.dll","F:\Projetos dotNet\Web-Project\LabWeb7-Project\LabWebMvc.Mvc\bin\Debug\net8.0\pl\Microsoft.CodeAnalysis.CSharp.Scripting.resources.dll","16,76","08/11/2023 14:56:16"
"Microsoft.CodeAnalysis.CSharp.Workspaces.resources.dll","F:\Projetos dotNet\Web-Project\LabWeb7-Project\LabWebMvc.Mvc\bin\Debug\net8.0\pl\Microsoft.CodeAnalysis.CSharp.Workspaces.resources.dll","17,78","08/11/2023 14:56:22"
"Microsoft.CodeAnalysis.Features.resources.dll","F:\Projetos dotNet\Web-Project\LabWeb7-Project\LabWebMvc.Mvc\bin\Debug\net8.0\pl\Microsoft.CodeAnalysis.Features.resources.dll","193,76","08/11/2023 14:52:26"
"Microsoft.CodeAnalysis.resources.dll","F:\Projetos dotNet\Web-Project\LabWeb7-Project\LabWebMvc.Mvc\bin\Debug\net8.0\pl\Microsoft.CodeAnalysis.resources.dll","47,67","08/11/2023 14:46:04"
"Microsoft.CodeAnalysis.Scripting.resources.dll","F:\Projetos dotNet\Web-Project\LabWeb7-Project\LabWebMvc.Mvc\bin\Debug\net8.0\pl\Microsoft.CodeAnalysis.Scripting.resources.dll","18,16","08/11/2023 14:52:04"
"Microsoft.CodeAnalysis.VisualBasic.resources.dll","F:\Projetos dotNet\Web-Project\LabWeb7-Project\LabWebMvc.Mvc\bin\Debug\net8.0\pl\Microsoft.CodeAnalysis.VisualBasic.resources.dll","318,77","08/11/2023 14:51:30"
"Microsoft.CodeAnalysis.VisualBasic.Workspaces.resources.dll","F:\Projetos dotNet\Web-Project\LabWeb7-Project\LabWebMvc.Mvc\bin\Debug\net8.0\pl\Microsoft.CodeAnalysis.VisualBasic.Workspaces.resources.dll","25,76","08/11/2023 14:55:50"
"Microsoft.CodeAnalysis.Workspaces.MSBuild.BuildHost.resources.dll","F:\Projetos dotNet\Web-Project\LabWeb7-Project\LabWebMvc.Mvc\bin\Debug\net8.0\pl\Microsoft.CodeAnalysis.Workspaces.MSBuild.BuildHost.resources.dll","17,16","08/11/2023 14:52:26"
"Microsoft.CodeAnalysis.Workspaces.resources.dll","F:\Projetos dotNet\Web-Project\LabWeb7-Project\LabWebMvc.Mvc\bin\Debug\net8.0\pl\Microsoft.CodeAnalysis.Workspaces.resources.dll","48,67","08/11/2023 14:52:02"
"Microsoft.Data.SqlClient.resources.dll","F:\Projetos dotNet\Web-Project\LabWeb7-Project\LabWebMvc.Mvc\bin\Debug\net8.0\pl\Microsoft.Data.SqlClient.resources.dll","264,14","25/04/2025 16:03:48"
"Microsoft.DotNet.Interactive.resources.dll","F:\Projetos dotNet\Web-Project\LabWeb7-Project\LabWebMvc.Mvc\bin\Debug\net8.0\pl\Microsoft.DotNet.Interactive.resources.dll","18,03","11/12/2023 05:18:52"
"System.CommandLine.resources.dll","F:\Projetos dotNet\Web-Project\LabWeb7-Project\LabWebMvc.Mvc\bin\Debug\net8.0\pl\System.CommandLine.resources.dll","18,91","22/05/2022 16:39:50"
"FSharp.Compiler.Service.resources.dll","F:\Projetos dotNet\Web-Project\LabWeb7-Project\LabWebMvc.Mvc\bin\Debug\net8.0\pt-BR\FSharp.Compiler.Service.resources.dll","357,17","23/10/2023 12:45:36"
"FSharp.Core.resources.dll","F:\Projetos dotNet\Web-Project\LabWeb7-Project\LabWebMvc.Mvc\bin\Debug\net8.0\pt-BR\FSharp.Core.resources.dll","33,16","23/10/2023 12:43:48"
"FSharp.DependencyManager.Nuget.resources.dll","F:\Projetos dotNet\Web-Project\LabWeb7-Project\LabWebMvc.Mvc\bin\Debug\net8.0\pt-BR\FSharp.DependencyManager.Nuget.resources.dll","16,16","23/10/2023 12:43:54"
"Microsoft.CodeAnalysis.CSharp.Features.resources.dll","F:\Projetos dotNet\Web-Project\LabWeb7-Project\LabWebMvc.Mvc\bin\Debug\net8.0\pt-BR\Microsoft.CodeAnalysis.CSharp.Features.resources.dll","45,77","08/11/2023 14:58:42"
"Microsoft.CodeAnalysis.CSharp.resources.dll","F:\Projetos dotNet\Web-Project\LabWeb7-Project\LabWebMvc.Mvc\bin\Debug\net8.0\pt-BR\Microsoft.CodeAnalysis.CSharp.resources.dll","422,66","08/11/2023 14:56:08"
"Microsoft.CodeAnalysis.CSharp.Scripting.resources.dll","F:\Projetos dotNet\Web-Project\LabWeb7-Project\LabWebMvc.Mvc\bin\Debug\net8.0\pt-BR\Microsoft.CodeAnalysis.CSharp.Scripting.resources.dll","16,77","08/11/2023 14:56:18"
"Microsoft.CodeAnalysis.CSharp.Workspaces.resources.dll","F:\Projetos dotNet\Web-Project\LabWeb7-Project\LabWebMvc.Mvc\bin\Debug\net8.0\pt-BR\Microsoft.CodeAnalysis.CSharp.Workspaces.resources.dll","17,67","08/11/2023 14:56:22"
"Microsoft.CodeAnalysis.Features.resources.dll","F:\Projetos dotNet\Web-Project\LabWeb7-Project\LabWebMvc.Mvc\bin\Debug\net8.0\pt-BR\Microsoft.CodeAnalysis.Features.resources.dll","192,27","08/11/2023 14:52:26"
"Microsoft.CodeAnalysis.resources.dll","F:\Projetos dotNet\Web-Project\LabWeb7-Project\LabWebMvc.Mvc\bin\Debug\net8.0\pt-BR\Microsoft.CodeAnalysis.resources.dll","46,16","08/11/2023 14:46:04"
"Microsoft.CodeAnalysis.Scripting.resources.dll","F:\Projetos dotNet\Web-Project\LabWeb7-Project\LabWebMvc.Mvc\bin\Debug\net8.0\pt-BR\Microsoft.CodeAnalysis.Scripting.resources.dll","17,66","08/11/2023 14:52:04"
"Microsoft.CodeAnalysis.VisualBasic.resources.dll","F:\Projetos dotNet\Web-Project\LabWeb7-Project\LabWebMvc.Mvc\bin\Debug\net8.0\pt-BR\Microsoft.CodeAnalysis.VisualBasic.resources.dll","298,77","08/11/2023 14:51:30"
"Microsoft.CodeAnalysis.VisualBasic.Workspaces.resources.dll","F:\Projetos dotNet\Web-Project\LabWeb7-Project\LabWebMvc.Mvc\bin\Debug\net8.0\pt-BR\Microsoft.CodeAnalysis.VisualBasic.Workspaces.resources.dll","25,16","08/11/2023 14:55:50"
"Microsoft.CodeAnalysis.Workspaces.MSBuild.BuildHost.resources.dll","F:\Projetos dotNet\Web-Project\LabWeb7-Project\LabWebMvc.Mvc\bin\Debug\net8.0\pt-BR\Microsoft.CodeAnalysis.Workspaces.MSBuild.BuildHost.resources.dll","17,16","08/11/2023 14:52:26"
"Microsoft.CodeAnalysis.Workspaces.resources.dll","F:\Projetos dotNet\Web-Project\LabWeb7-Project\LabWebMvc.Mvc\bin\Debug\net8.0\pt-BR\Microsoft.CodeAnalysis.Workspaces.resources.dll","48,16","08/11/2023 14:52:02"
"Microsoft.Data.SqlClient.resources.dll","F:\Projetos dotNet\Web-Project\LabWeb7-Project\LabWebMvc.Mvc\bin\Debug\net8.0\pt-BR\Microsoft.Data.SqlClient.resources.dll","252,62","25/04/2025 16:04:06"
"Microsoft.DotNet.Interactive.resources.dll","F:\Projetos dotNet\Web-Project\LabWeb7-Project\LabWebMvc.Mvc\bin\Debug\net8.0\pt-BR\Microsoft.DotNet.Interactive.resources.dll","18,03","11/12/2023 05:18:52"
"System.CommandLine.resources.dll","F:\Projetos dotNet\Web-Project\LabWeb7-Project\LabWebMvc.Mvc\bin\Debug\net8.0\pt-BR\System.CommandLine.resources.dll","18,91","22/05/2022 16:39:50"
"FSharp.Compiler.Service.resources.dll","F:\Projetos dotNet\Web-Project\LabWeb7-Project\LabWebMvc.Mvc\bin\Debug\net8.0\ru\FSharp.Compiler.Service.resources.dll","492,16","23/10/2023 12:45:36"
"FSharp.Core.resources.dll","F:\Projetos dotNet\Web-Project\LabWeb7-Project\LabWebMvc.Mvc\bin\Debug\net8.0\ru\FSharp.Core.resources.dll","40,67","23/10/2023 12:43:48"
"FSharp.DependencyManager.Nuget.resources.dll","F:\Projetos dotNet\Web-Project\LabWeb7-Project\LabWebMvc.Mvc\bin\Debug\net8.0\ru\FSharp.DependencyManager.Nuget.resources.dll","16,16","23/10/2023 12:43:54"
"Microsoft.CodeAnalysis.CSharp.Features.resources.dll","F:\Projetos dotNet\Web-Project\LabWeb7-Project\LabWebMvc.Mvc\bin\Debug\net8.0\ru\Microsoft.CodeAnalysis.CSharp.Features.resources.dll","53,76","08/11/2023 14:58:42"
"Microsoft.CodeAnalysis.CSharp.resources.dll","F:\Projetos dotNet\Web-Project\LabWeb7-Project\LabWebMvc.Mvc\bin\Debug\net8.0\ru\Microsoft.CodeAnalysis.CSharp.resources.dll","581,16","08/11/2023 14:56:08"
"Microsoft.CodeAnalysis.CSharp.Scripting.resources.dll","F:\Projetos dotNet\Web-Project\LabWeb7-Project\LabWebMvc.Mvc\bin\Debug\net8.0\ru\Microsoft.CodeAnalysis.CSharp.Scripting.resources.dll","17,78","08/11/2023 14:56:18"
"Microsoft.CodeAnalysis.CSharp.Workspaces.resources.dll","F:\Projetos dotNet\Web-Project\LabWeb7-Project\LabWebMvc.Mvc\bin\Debug\net8.0\ru\Microsoft.CodeAnalysis.CSharp.Workspaces.resources.dll","18,27","08/11/2023 14:56:22"
"Microsoft.CodeAnalysis.Features.resources.dll","F:\Projetos dotNet\Web-Project\LabWeb7-Project\LabWebMvc.Mvc\bin\Debug\net8.0\ru\Microsoft.CodeAnalysis.Features.resources.dll","255,27","08/11/2023 14:52:26"
"Microsoft.CodeAnalysis.resources.dll","F:\Projetos dotNet\Web-Project\LabWeb7-Project\LabWebMvc.Mvc\bin\Debug\net8.0\ru\Microsoft.CodeAnalysis.resources.dll","57,16","08/11/2023 14:46:04"
"Microsoft.CodeAnalysis.Scripting.resources.dll","F:\Projetos dotNet\Web-Project\LabWeb7-Project\LabWebMvc.Mvc\bin\Debug\net8.0\ru\Microsoft.CodeAnalysis.Scripting.resources.dll","19,16","08/11/2023 14:52:04"
"Microsoft.CodeAnalysis.VisualBasic.resources.dll","F:\Projetos dotNet\Web-Project\LabWeb7-Project\LabWebMvc.Mvc\bin\Debug\net8.0\ru\Microsoft.CodeAnalysis.VisualBasic.resources.dll","398,77","08/11/2023 14:51:30"
"Microsoft.CodeAnalysis.VisualBasic.Workspaces.resources.dll","F:\Projetos dotNet\Web-Project\LabWeb7-Project\LabWebMvc.Mvc\bin\Debug\net8.0\ru\Microsoft.CodeAnalysis.VisualBasic.Workspaces.resources.dll","27,16","08/11/2023 14:55:50"
"Microsoft.CodeAnalysis.Workspaces.MSBuild.BuildHost.resources.dll","F:\Projetos dotNet\Web-Project\LabWeb7-Project\LabWebMvc.Mvc\bin\Debug\net8.0\ru\Microsoft.CodeAnalysis.Workspaces.MSBuild.BuildHost.resources.dll","17,16","08/11/2023 14:52:26"
"Microsoft.CodeAnalysis.Workspaces.resources.dll","F:\Projetos dotNet\Web-Project\LabWeb7-Project\LabWebMvc.Mvc\bin\Debug\net8.0\ru\Microsoft.CodeAnalysis.Workspaces.resources.dll","56,16","08/11/2023 14:52:02"
"Microsoft.Data.SqlClient.resources.dll","F:\Projetos dotNet\Web-Project\LabWeb7-Project\LabWebMvc.Mvc\bin\Debug\net8.0\ru\Microsoft.Data.SqlClient.resources.dll","341,66","25/04/2025 16:02:56"
"Microsoft.DotNet.Interactive.resources.dll","F:\Projetos dotNet\Web-Project\LabWeb7-Project\LabWebMvc.Mvc\bin\Debug\net8.0\ru\Microsoft.DotNet.Interactive.resources.dll","19,53","11/12/2023 05:18:54"
"System.CommandLine.resources.dll","F:\Projetos dotNet\Web-Project\LabWeb7-Project\LabWebMvc.Mvc\bin\Debug\net8.0\ru\System.CommandLine.resources.dll","18,89","22/05/2022 16:39:50"
"System.Text.Encodings.Web.dll","F:\Projetos dotNet\Web-Project\LabWeb7-Project\LabWebMvc.Mvc\bin\Debug\net8.0\runtimes\browser\lib\net8.0\System.Text.Encodings.Web.dll","69,3","13/03/2025 19:08:14"
"Microsoft.Data.SqlClient.dll","F:\Projetos dotNet\Web-Project\LabWeb7-Project\LabWebMvc.Mvc\bin\Debug\net8.0\runtimes\unix\lib\net8.0\Microsoft.Data.SqlClient.dll","2040,62","25/04/2025 16:03:26"
"System.Management.dll","F:\Projetos dotNet\Web-Project\LabWeb7-Project\LabWebMvc.Mvc\bin\Debug\net8.0\runtimes\win\lib\net7.0\System.Management.dll","288,67","24/05/2023 11:40:18"
"Microsoft.Data.SqlClient.dll","F:\Projetos dotNet\Web-Project\LabWeb7-Project\LabWebMvc.Mvc\bin\Debug\net8.0\runtimes\win\lib\net8.0\Microsoft.Data.SqlClient.dll","2096,66","25/04/2025 16:04:44"
"Microsoft.Win32.SystemEvents.dll","F:\Projetos dotNet\Web-Project\LabWeb7-Project\LabWebMvc.Mvc\bin\Debug\net8.0\runtimes\win\lib\net8.0\Microsoft.Win32.SystemEvents.dll","58,27","13/03/2025 19:12:30"
"System.Diagnostics.EventLog.dll","F:\Projetos dotNet\Web-Project\LabWeb7-Project\LabWebMvc.Mvc\bin\Debug\net8.0\runtimes\win\lib\net8.0\System.Diagnostics.EventLog.dll","169,77","13/03/2025 19:08:18"
"System.Diagnostics.EventLog.Messages.dll","F:\Projetos dotNet\Web-Project\LabWeb7-Project\LabWebMvc.Mvc\bin\Debug\net8.0\runtimes\win\lib\net8.0\System.Diagnostics.EventLog.Messages.dll","782,3","13/03/2025 19:06:54"
"System.Security.Cryptography.Pkcs.dll","F:\Projetos dotNet\Web-Project\LabWeb7-Project\LabWebMvc.Mvc\bin\Debug\net8.0\runtimes\win\lib\net8.0\System.Security.Cryptography.Pkcs.dll","312,29","16/09/2024 20:10:56"
"e_sqlite3.dll","F:\Projetos dotNet\Web-Project\LabWeb7-Project\LabWebMvc.Mvc\bin\Debug\net8.0\runtimes\win-arm\native\e_sqlite3.dll","1058","17/08/2020 11:38:30"
"e_sqlite3.dll","F:\Projetos dotNet\Web-Project\LabWeb7-Project\LabWebMvc.Mvc\bin\Debug\net8.0\runtimes\win-arm64\native\e_sqlite3.dll","1323","17/08/2020 11:38:42"
"Microsoft.Data.SqlClient.SNI.dll","F:\Projetos dotNet\Web-Project\LabWeb7-Project\LabWebMvc.Mvc\bin\Debug\net8.0\runtimes\win-arm64\native\Microsoft.Data.SqlClient.SNI.dll","539,04","15/01/2025 21:23:14"
"sni.dll","F:\Projetos dotNet\Web-Project\LabWeb7-Project\LabWebMvc.Mvc\bin\Debug\net8.0\runtimes\win-arm64\native\sni.dll","170,14","20/08/2021 08:22:55"
"e_sqlite3.dll","F:\Projetos dotNet\Web-Project\LabWeb7-Project\LabWebMvc.Mvc\bin\Debug\net8.0\runtimes\win-x64\native\e_sqlite3.dll","1534","17/08/2020 11:38:20"
"Microsoft.Data.SqlClient.SNI.dll","F:\Projetos dotNet\Web-Project\LabWeb7-Project\LabWebMvc.Mvc\bin\Debug\net8.0\runtimes\win-x64\native\Microsoft.Data.SqlClient.SNI.dll","553,55","15/01/2025 21:23:36"
"sni.dll","F:\Projetos dotNet\Web-Project\LabWeb7-Project\LabWebMvc.Mvc\bin\Debug\net8.0\runtimes\win-x64\native\sni.dll","156,29","20/08/2021 08:22:55"
"e_sqlite3.dll","F:\Projetos dotNet\Web-Project\LabWeb7-Project\LabWebMvc.Mvc\bin\Debug\net8.0\runtimes\win-x86\native\e_sqlite3.dll","1156,5","17/08/2020 11:38:10"
"Microsoft.Data.SqlClient.SNI.dll","F:\Projetos dotNet\Web-Project\LabWeb7-Project\LabWebMvc.Mvc\bin\Debug\net8.0\runtimes\win-x86\native\Microsoft.Data.SqlClient.SNI.dll","466,54","15/01/2025 21:23:04"
"sni.dll","F:\Projetos dotNet\Web-Project\LabWeb7-Project\LabWebMvc.Mvc\bin\Debug\net8.0\runtimes\win-x86\native\sni.dll","133,29","20/08/2021 08:22:55"
"FSharp.Compiler.Service.resources.dll","F:\Projetos dotNet\Web-Project\LabWeb7-Project\LabWebMvc.Mvc\bin\Debug\net8.0\tr\FSharp.Compiler.Service.resources.dll","357,16","23/10/2023 12:45:36"
"FSharp.Core.resources.dll","F:\Projetos dotNet\Web-Project\LabWeb7-Project\LabWebMvc.Mvc\bin\Debug\net8.0\tr\FSharp.Core.resources.dll","33,16","23/10/2023 12:43:48"
"FSharp.DependencyManager.Nuget.resources.dll","F:\Projetos dotNet\Web-Project\LabWeb7-Project\LabWebMvc.Mvc\bin\Debug\net8.0\tr\FSharp.DependencyManager.Nuget.resources.dll","16,16","23/10/2023 12:43:54"
"Microsoft.CodeAnalysis.CSharp.Features.resources.dll","F:\Projetos dotNet\Web-Project\LabWeb7-Project\LabWebMvc.Mvc\bin\Debug\net8.0\tr\Microsoft.CodeAnalysis.CSharp.Features.resources.dll","45,26","08/11/2023 14:58:42"
"Microsoft.CodeAnalysis.CSharp.resources.dll","F:\Projetos dotNet\Web-Project\LabWeb7-Project\LabWebMvc.Mvc\bin\Debug\net8.0\tr\Microsoft.CodeAnalysis.CSharp.resources.dll","419,16","08/11/2023 14:56:08"
"Microsoft.CodeAnalysis.CSharp.Scripting.resources.dll","F:\Projetos dotNet\Web-Project\LabWeb7-Project\LabWebMvc.Mvc\bin\Debug\net8.0\tr\Microsoft.CodeAnalysis.CSharp.Scripting.resources.dll","17,27","08/11/2023 14:56:18"
"Microsoft.CodeAnalysis.CSharp.Workspaces.resources.dll","F:\Projetos dotNet\Web-Project\LabWeb7-Project\LabWebMvc.Mvc\bin\Debug\net8.0\tr\Microsoft.CodeAnalysis.CSharp.Workspaces.resources.dll","17,77","08/11/2023 14:56:22"
"Microsoft.CodeAnalysis.Features.resources.dll","F:\Projetos dotNet\Web-Project\LabWeb7-Project\LabWebMvc.Mvc\bin\Debug\net8.0\tr\Microsoft.CodeAnalysis.Features.resources.dll","188,27","08/11/2023 14:52:26"
"Microsoft.CodeAnalysis.resources.dll","F:\Projetos dotNet\Web-Project\LabWeb7-Project\LabWebMvc.Mvc\bin\Debug\net8.0\tr\Microsoft.CodeAnalysis.resources.dll","45,66","08/11/2023 14:46:04"
"Microsoft.CodeAnalysis.Scripting.resources.dll","F:\Projetos dotNet\Web-Project\LabWeb7-Project\LabWebMvc.Mvc\bin\Debug\net8.0\tr\Microsoft.CodeAnalysis.Scripting.resources.dll","17,66","08/11/2023 14:52:04"
"Microsoft.CodeAnalysis.VisualBasic.resources.dll","F:\Projetos dotNet\Web-Project\LabWeb7-Project\LabWebMvc.Mvc\bin\Debug\net8.0\tr\Microsoft.CodeAnalysis.VisualBasic.resources.dll","294,66","08/11/2023 14:51:30"
"Microsoft.CodeAnalysis.VisualBasic.Workspaces.resources.dll","F:\Projetos dotNet\Web-Project\LabWeb7-Project\LabWebMvc.Mvc\bin\Debug\net8.0\tr\Microsoft.CodeAnalysis.VisualBasic.Workspaces.resources.dll","25,17","08/11/2023 14:55:50"
"Microsoft.CodeAnalysis.Workspaces.MSBuild.BuildHost.resources.dll","F:\Projetos dotNet\Web-Project\LabWeb7-Project\LabWebMvc.Mvc\bin\Debug\net8.0\tr\Microsoft.CodeAnalysis.Workspaces.MSBuild.BuildHost.resources.dll","17,17","08/11/2023 14:52:26"
"Microsoft.CodeAnalysis.Workspaces.resources.dll","F:\Projetos dotNet\Web-Project\LabWeb7-Project\LabWebMvc.Mvc\bin\Debug\net8.0\tr\Microsoft.CodeAnalysis.Workspaces.resources.dll","47,16","08/11/2023 14:52:02"
"Microsoft.Data.SqlClient.resources.dll","F:\Projetos dotNet\Web-Project\LabWeb7-Project\LabWebMvc.Mvc\bin\Debug\net8.0\tr\Microsoft.Data.SqlClient.resources.dll","248,14","25/04/2025 16:04:20"
"Microsoft.DotNet.Interactive.resources.dll","F:\Projetos dotNet\Web-Project\LabWeb7-Project\LabWebMvc.Mvc\bin\Debug\net8.0\tr\Microsoft.DotNet.Interactive.resources.dll","18,03","11/12/2023 05:18:54"
"System.CommandLine.resources.dll","F:\Projetos dotNet\Web-Project\LabWeb7-Project\LabWebMvc.Mvc\bin\Debug\net8.0\tr\System.CommandLine.resources.dll","18,91","22/05/2022 16:39:50"
"RasterEdge.Imaging.Font.Native.dll","F:\Projetos dotNet\Web-Project\LabWeb7-Project\LabWebMvc.Mvc\bin\Debug\net8.0\x64\RasterEdge.Imaging.Font.Native.dll","5411","23/11/2023 23:52:34"
"RasterEdge.XImage.AdvancedCleanup.Native.dll","F:\Projetos dotNet\Web-Project\LabWeb7-Project\LabWebMvc.Mvc\bin\Debug\net8.0\x64\RasterEdge.XImage.AdvancedCleanup.Native.dll","1358","23/11/2023 23:56:24"
"RasterEdge.XImage.OCR.Tesseract.Native.dll","F:\Projetos dotNet\Web-Project\LabWeb7-Project\LabWebMvc.Mvc\bin\Debug\net8.0\x64\RasterEdge.XImage.OCR.Tesseract.Native.dll","2739,5","23/11/2023 23:56:28"
"RasterEdge.XImage.Raster.Native.dll","F:\Projetos dotNet\Web-Project\LabWeb7-Project\LabWebMvc.Mvc\bin\Debug\net8.0\x64\RasterEdge.XImage.Raster.Native.dll","10990","23/11/2023 23:54:38"
"RasterEdge.Imaging.Font.Native.dll","F:\Projetos dotNet\Web-Project\LabWeb7-Project\LabWebMvc.Mvc\bin\Debug\net8.0\x86\RasterEdge.Imaging.Font.Native.dll","4973","23/11/2023 23:53:06"
"RasterEdge.XImage.AdvancedCleanup.Native.dll","F:\Projetos dotNet\Web-Project\LabWeb7-Project\LabWebMvc.Mvc\bin\Debug\net8.0\x86\RasterEdge.XImage.AdvancedCleanup.Native.dll","1167,5","23/11/2023 23:56:10"
"RasterEdge.XImage.OCR.Tesseract.Native.dll","F:\Projetos dotNet\Web-Project\LabWeb7-Project\LabWebMvc.Mvc\bin\Debug\net8.0\x86\RasterEdge.XImage.OCR.Tesseract.Native.dll","2354","23/11/2023 23:56:16"
"RasterEdge.XImage.Raster.Native.dll","F:\Projetos dotNet\Web-Project\LabWeb7-Project\LabWebMvc.Mvc\bin\Debug\net8.0\x86\RasterEdge.XImage.Raster.Native.dll","9733","23/11/2023 23:54:28"
"FSharp.Compiler.Service.resources.dll","F:\Projetos dotNet\Web-Project\LabWeb7-Project\LabWebMvc.Mvc\bin\Debug\net8.0\zh-Hans\FSharp.Compiler.Service.resources.dll","317,17","23/10/2023 12:45:36"
"FSharp.Core.resources.dll","F:\Projetos dotNet\Web-Project\LabWeb7-Project\LabWebMvc.Mvc\bin\Debug\net8.0\zh-Hans\FSharp.Core.resources.dll","31,77","23/10/2023 12:43:48"
"FSharp.DependencyManager.Nuget.resources.dll","F:\Projetos dotNet\Web-Project\LabWeb7-Project\LabWebMvc.Mvc\bin\Debug\net8.0\zh-Hans\FSharp.DependencyManager.Nuget.resources.dll","16,17","23/10/2023 12:43:54"
"Microsoft.CodeAnalysis.CSharp.Features.resources.dll","F:\Projetos dotNet\Web-Project\LabWeb7-Project\LabWebMvc.Mvc\bin\Debug\net8.0\zh-Hans\Microsoft.CodeAnalysis.CSharp.Features.resources.dll","43,26","08/11/2023 14:58:42"
"Microsoft.CodeAnalysis.CSharp.resources.dll","F:\Projetos dotNet\Web-Project\LabWeb7-Project\LabWebMvc.Mvc\bin\Debug\net8.0\zh-Hans\Microsoft.CodeAnalysis.CSharp.resources.dll","373,17","08/11/2023 14:56:08"
"Microsoft.CodeAnalysis.CSharp.Scripting.resources.dll","F:\Projetos dotNet\Web-Project\LabWeb7-Project\LabWebMvc.Mvc\bin\Debug\net8.0\zh-Hans\Microsoft.CodeAnalysis.CSharp.Scripting.resources.dll","16,77","08/11/2023 14:56:18"
"Microsoft.CodeAnalysis.CSharp.Workspaces.resources.dll","F:\Projetos dotNet\Web-Project\LabWeb7-Project\LabWebMvc.Mvc\bin\Debug\net8.0\zh-Hans\Microsoft.CodeAnalysis.CSharp.Workspaces.resources.dll","17,66","08/11/2023 14:56:22"
"Microsoft.CodeAnalysis.Features.resources.dll","F:\Projetos dotNet\Web-Project\LabWeb7-Project\LabWebMvc.Mvc\bin\Debug\net8.0\zh-Hans\Microsoft.CodeAnalysis.Features.resources.dll","168,27","08/11/2023 14:52:26"
"Microsoft.CodeAnalysis.resources.dll","F:\Projetos dotNet\Web-Project\LabWeb7-Project\LabWebMvc.Mvc\bin\Debug\net8.0\zh-Hans\Microsoft.CodeAnalysis.resources.dll","42,66","08/11/2023 14:46:04"
"Microsoft.CodeAnalysis.Scripting.resources.dll","F:\Projetos dotNet\Web-Project\LabWeb7-Project\LabWebMvc.Mvc\bin\Debug\net8.0\zh-Hans\Microsoft.CodeAnalysis.Scripting.resources.dll","17,66","08/11/2023 14:52:04"
"Microsoft.CodeAnalysis.VisualBasic.resources.dll","F:\Projetos dotNet\Web-Project\LabWeb7-Project\LabWebMvc.Mvc\bin\Debug\net8.0\zh-Hans\Microsoft.CodeAnalysis.VisualBasic.resources.dll","269,66","08/11/2023 14:51:30"
"Microsoft.CodeAnalysis.VisualBasic.Workspaces.resources.dll","F:\Projetos dotNet\Web-Project\LabWeb7-Project\LabWebMvc.Mvc\bin\Debug\net8.0\zh-Hans\Microsoft.CodeAnalysis.VisualBasic.Workspaces.resources.dll","24,67","08/11/2023 14:55:50"
"Microsoft.CodeAnalysis.Workspaces.MSBuild.BuildHost.resources.dll","F:\Projetos dotNet\Web-Project\LabWeb7-Project\LabWebMvc.Mvc\bin\Debug\net8.0\zh-Hans\Microsoft.CodeAnalysis.Workspaces.MSBuild.BuildHost.resources.dll","17,16","08/11/2023 14:52:26"
"Microsoft.CodeAnalysis.Workspaces.resources.dll","F:\Projetos dotNet\Web-Project\LabWeb7-Project\LabWebMvc.Mvc\bin\Debug\net8.0\zh-Hans\Microsoft.CodeAnalysis.Workspaces.resources.dll","45,16","08/11/2023 14:52:02"
"Microsoft.Data.SqlClient.resources.dll","F:\Projetos dotNet\Web-Project\LabWeb7-Project\LabWebMvc.Mvc\bin\Debug\net8.0\zh-Hans\Microsoft.Data.SqlClient.resources.dll","223,65","25/04/2025 16:04:06"
"Microsoft.DotNet.Interactive.resources.dll","F:\Projetos dotNet\Web-Project\LabWeb7-Project\LabWebMvc.Mvc\bin\Debug\net8.0\zh-Hans\Microsoft.DotNet.Interactive.resources.dll","17,53","11/12/2023 05:18:54"
"System.CommandLine.resources.dll","F:\Projetos dotNet\Web-Project\LabWeb7-Project\LabWebMvc.Mvc\bin\Debug\net8.0\zh-Hans\System.CommandLine.resources.dll","18,91","22/05/2022 16:39:50"
"FSharp.Compiler.Service.resources.dll","F:\Projetos dotNet\Web-Project\LabWeb7-Project\LabWebMvc.Mvc\bin\Debug\net8.0\zh-Hant\FSharp.Compiler.Service.resources.dll","315,27","23/10/2023 12:45:36"
"FSharp.Core.resources.dll","F:\Projetos dotNet\Web-Project\LabWeb7-Project\LabWebMvc.Mvc\bin\Debug\net8.0\zh-Hant\FSharp.Core.resources.dll","31,16","23/10/2023 12:43:48"
"FSharp.DependencyManager.Nuget.resources.dll","F:\Projetos dotNet\Web-Project\LabWeb7-Project\LabWebMvc.Mvc\bin\Debug\net8.0\zh-Hant\FSharp.DependencyManager.Nuget.resources.dll","16,16","23/10/2023 12:43:54"
"Microsoft.CodeAnalysis.CSharp.Features.resources.dll","F:\Projetos dotNet\Web-Project\LabWeb7-Project\LabWebMvc.Mvc\bin\Debug\net8.0\zh-Hant\Microsoft.CodeAnalysis.CSharp.Features.resources.dll","43,27","08/11/2023 14:58:42"
"Microsoft.CodeAnalysis.CSharp.resources.dll","F:\Projetos dotNet\Web-Project\LabWeb7-Project\LabWebMvc.Mvc\bin\Debug\net8.0\zh-Hant\Microsoft.CodeAnalysis.CSharp.resources.dll","372,66","08/11/2023 14:56:10"
"Microsoft.CodeAnalysis.CSharp.Scripting.resources.dll","F:\Projetos dotNet\Web-Project\LabWeb7-Project\LabWebMvc.Mvc\bin\Debug\net8.0\zh-Hant\Microsoft.CodeAnalysis.CSharp.Scripting.resources.dll","16,78","08/11/2023 14:56:18"
"Microsoft.CodeAnalysis.CSharp.Workspaces.resources.dll","F:\Projetos dotNet\Web-Project\LabWeb7-Project\LabWebMvc.Mvc\bin\Debug\net8.0\zh-Hant\Microsoft.CodeAnalysis.CSharp.Workspaces.resources.dll","17,77","08/11/2023 14:56:22"
"Microsoft.CodeAnalysis.Features.resources.dll","F:\Projetos dotNet\Web-Project\LabWeb7-Project\LabWebMvc.Mvc\bin\Debug\net8.0\zh-Hant\Microsoft.CodeAnalysis.Features.resources.dll","170,27","08/11/2023 14:52:26"
"Microsoft.CodeAnalysis.resources.dll","F:\Projetos dotNet\Web-Project\LabWeb7-Project\LabWebMvc.Mvc\bin\Debug\net8.0\zh-Hant\Microsoft.CodeAnalysis.resources.dll","43,16","08/11/2023 14:46:04"
"Microsoft.CodeAnalysis.Scripting.resources.dll","F:\Projetos dotNet\Web-Project\LabWeb7-Project\LabWebMvc.Mvc\bin\Debug\net8.0\zh-Hant\Microsoft.CodeAnalysis.Scripting.resources.dll","17,66","08/11/2023 14:52:04"
"Microsoft.CodeAnalysis.VisualBasic.resources.dll","F:\Projetos dotNet\Web-Project\LabWeb7-Project\LabWebMvc.Mvc\bin\Debug\net8.0\zh-Hant\Microsoft.CodeAnalysis.VisualBasic.resources.dll","268,66","08/11/2023 14:51:30"
"Microsoft.CodeAnalysis.VisualBasic.Workspaces.resources.dll","F:\Projetos dotNet\Web-Project\LabWeb7-Project\LabWebMvc.Mvc\bin\Debug\net8.0\zh-Hant\Microsoft.CodeAnalysis.VisualBasic.Workspaces.resources.dll","24,66","08/11/2023 14:55:50"
"Microsoft.CodeAnalysis.Workspaces.MSBuild.BuildHost.resources.dll","F:\Projetos dotNet\Web-Project\LabWeb7-Project\LabWebMvc.Mvc\bin\Debug\net8.0\zh-Hant\Microsoft.CodeAnalysis.Workspaces.MSBuild.BuildHost.resources.dll","17,16","08/11/2023 14:52:26"
"Microsoft.CodeAnalysis.Workspaces.resources.dll","F:\Projetos dotNet\Web-Project\LabWeb7-Project\LabWebMvc.Mvc\bin\Debug\net8.0\zh-Hant\Microsoft.CodeAnalysis.Workspaces.resources.dll","45,17","08/11/2023 14:52:02"
"Microsoft.Data.SqlClient.resources.dll","F:\Projetos dotNet\Web-Project\LabWeb7-Project\LabWebMvc.Mvc\bin\Debug\net8.0\zh-Hant\Microsoft.Data.SqlClient.resources.dll","227,14","25/04/2025 16:04:06"
"Microsoft.DotNet.Interactive.resources.dll","F:\Projetos dotNet\Web-Project\LabWeb7-Project\LabWebMvc.Mvc\bin\Debug\net8.0\zh-Hant\Microsoft.DotNet.Interactive.resources.dll","17,42","11/12/2023 05:18:54"
"System.CommandLine.resources.dll","F:\Projetos dotNet\Web-Project\LabWeb7-Project\LabWebMvc.Mvc\bin\Debug\net8.0\zh-Hant\System.CommandLine.resources.dll","18,89","22/05/2022 16:39:50"
"AWSSDK.Core.dll","F:\Projetos dotNet\Web-Project\LabWeb7-Project\LabWebMvc.Mvc\bin\Debug\net8.0\AWSSDK.Core.dll","897,1","30/04/2025 15:50:48"
"AWSSDK.S3.dll","F:\Projetos dotNet\Web-Project\LabWeb7-Project\LabWebMvc.Mvc\bin\Debug\net8.0\AWSSDK.S3.dll","790,1","30/04/2025 15:50:54"
"Azure.Core.dll","F:\Projetos dotNet\Web-Project\LabWeb7-Project\LabWebMvc.Mvc\bin\Debug\net8.0\Azure.Core.dll","416,55","09/10/2024 18:14:38"
"Azure.Identity.dll","F:\Projetos dotNet\Web-Project\LabWeb7-Project\LabWebMvc.Mvc\bin\Debug\net8.0\Azure.Identity.dll","340,53","14/01/2025 20:34:18"
"Azure.Storage.Blobs.dll","F:\Projetos dotNet\Web-Project\LabWeb7-Project\LabWebMvc.Mvc\bin\Debug\net8.0\Azure.Storage.Blobs.dll","1314,03","11/03/2025 18:01:14"
"Azure.Storage.Common.dll","F:\Projetos dotNet\Web-Project\LabWeb7-Project\LabWebMvc.Mvc\bin\Debug\net8.0\Azure.Storage.Common.dll","234,07","11/03/2025 18:00:54"
"BLL.dll","F:\Projetos dotNet\Web-Project\LabWeb7-Project\LabWebMvc.Mvc\bin\Debug\net8.0\BLL.dll","65","27/05/2025 19:41:31"
"Castle.Core.dll","F:\Projetos dotNet\Web-Project\LabWeb7-Project\LabWebMvc.Mvc\bin\Debug\net8.0\Castle.Core.dll","379,5","09/03/2025 18:06:12"
"Common.Logging.Core.dll","F:\Projetos dotNet\Web-Project\LabWeb7-Project\LabWebMvc.Mvc\bin\Debug\net8.0\Common.Logging.Core.dll","10","16/08/2017 03:51:46"
"Common.Logging.dll","F:\Projetos dotNet\Web-Project\LabWeb7-Project\LabWebMvc.Mvc\bin\Debug\net8.0\Common.Logging.dll","38,5","16/08/2017 03:51:42"
"FluentMigrator.Abstractions.dll","F:\Projetos dotNet\Web-Project\LabWeb7-Project\LabWebMvc.Mvc\bin\Debug\net8.0\FluentMigrator.Abstractions.dll","97","29/03/2025 16:27:24"
"FluentMigrator.Extensions.SqlServer.dll","F:\Projetos dotNet\Web-Project\LabWeb7-Project\LabWebMvc.Mvc\bin\Debug\net8.0\FluentMigrator.Extensions.SqlServer.dll","17","29/03/2025 16:27:38"
"FluentValidation.dll","F:\Projetos dotNet\Web-Project\LabWeb7-Project\LabWebMvc.Mvc\bin\Debug\net8.0\FluentValidation.dll","480,5","16/11/2024 16:43:24"
"FSharp.Compiler.Service.dll","F:\Projetos dotNet\Web-Project\LabWeb7-Project\LabWebMvc.Mvc\bin\Debug\net8.0\FSharp.Compiler.Service.dll","18528,26","23/10/2023 12:45:36"
"FSharp.Core.dll","F:\Projetos dotNet\Web-Project\LabWeb7-Project\LabWebMvc.Mvc\bin\Debug\net8.0\FSharp.Core.dll","3191,76","23/10/2023 12:43:48"
"FSharp.DependencyManager.Nuget.dll","F:\Projetos dotNet\Web-Project\LabWeb7-Project\LabWebMvc.Mvc\bin\Debug\net8.0\FSharp.DependencyManager.Nuget.dll","148,27","23/10/2023 12:43:54"
"Google.Api.CommonProtos.dll","F:\Projetos dotNet\Web-Project\LabWeb7-Project\LabWebMvc.Mvc\bin\Debug\net8.0\Google.Api.CommonProtos.dll","427,5","25/09/2024 04:21:42"
"Google.Api.Gax.dll","F:\Projetos dotNet\Web-Project\LabWeb7-Project\LabWebMvc.Mvc\bin\Debug\net8.0\Google.Api.Gax.dll","77,5","24/01/2025 05:16:54"
"Google.Api.Gax.Grpc.dll","F:\Projetos dotNet\Web-Project\LabWeb7-Project\LabWebMvc.Mvc\bin\Debug\net8.0\Google.Api.Gax.Grpc.dll","198,5","25/09/2024 13:41:58"
"Google.Apis.Auth.dll","F:\Projetos dotNet\Web-Project\LabWeb7-Project\LabWebMvc.Mvc\bin\Debug\net8.0\Google.Apis.Auth.dll","229,5","23/01/2025 06:15:58"
"Google.Apis.Core.dll","F:\Projetos dotNet\Web-Project\LabWeb7-Project\LabWebMvc.Mvc\bin\Debug\net8.0\Google.Apis.Core.dll","84,5","23/01/2025 06:15:52"
"Google.Apis.dll","F:\Projetos dotNet\Web-Project\LabWeb7-Project\LabWebMvc.Mvc\bin\Debug\net8.0\Google.Apis.dll","82,5","23/01/2025 06:15:54"
"Google.Cloud.RecaptchaEnterprise.V1.dll","F:\Projetos dotNet\Web-Project\LabWeb7-Project\LabWebMvc.Mvc\bin\Debug\net8.0\Google.Cloud.RecaptchaEnterprise.V1.dll","359","17/03/2025 16:08:32"
"Google.Protobuf.dll","F:\Projetos dotNet\Web-Project\LabWeb7-Project\LabWebMvc.Mvc\bin\Debug\net8.0\Google.Protobuf.dll","472,6","18/09/2024 17:27:56"
"Grpc.Auth.dll","F:\Projetos dotNet\Web-Project\LabWeb7-Project\LabWebMvc.Mvc\bin\Debug\net8.0\Grpc.Auth.dll","21,1","19/09/2024 22:55:20"
"Grpc.Core.Api.dll","F:\Projetos dotNet\Web-Project\LabWeb7-Project\LabWebMvc.Mvc\bin\Debug\net8.0\Grpc.Core.Api.dll","68,6","19/09/2024 22:55:22"
"Grpc.Net.Client.dll","F:\Projetos dotNet\Web-Project\LabWeb7-Project\LabWebMvc.Mvc\bin\Debug\net8.0\Grpc.Net.Client.dll","294,1","19/09/2024 22:55:26"
"Grpc.Net.Common.dll","F:\Projetos dotNet\Web-Project\LabWeb7-Project\LabWebMvc.Mvc\bin\Debug\net8.0\Grpc.Net.Common.dll","21,6","19/09/2024 22:55:36"
"HelperTrinity.dll","F:\Projetos dotNet\Web-Project\LabWeb7-Project\LabWebMvc.Mvc\bin\Debug\net8.0\HelperTrinity.dll","21","16/08/2016 17:32:22"
"Humanizer.dll","F:\Projetos dotNet\Web-Project\LabWeb7-Project\LabWebMvc.Mvc\bin\Debug\net8.0\Humanizer.dll","347,6","29/01/2022 12:04:04"
"ICSharpCode.SharpZipLib.dll","F:\Projetos dotNet\Web-Project\LabWeb7-Project\LabWebMvc.Mvc\bin\Debug\net8.0\ICSharpCode.SharpZipLib.dll","252","29/01/2023 11:59:10"
"itext.barcodes.dll","F:\Projetos dotNet\Web-Project\LabWeb7-Project\LabWebMvc.Mvc\bin\Debug\net8.0\itext.barcodes.dll","152","10/02/2025 05:32:32"
"itext.bouncy-castle-connector.dll","F:\Projetos dotNet\Web-Project\LabWeb7-Project\LabWebMvc.Mvc\bin\Debug\net8.0\itext.bouncy-castle-connector.dll","22,5","10/02/2025 05:28:22"
"itext.commons.dll","F:\Projetos dotNet\Web-Project\LabWeb7-Project\LabWebMvc.Mvc\bin\Debug\net8.0\itext.commons.dll","274","10/02/2025 05:27:08"
"itext.forms.dll","F:\Projetos dotNet\Web-Project\LabWeb7-Project\LabWebMvc.Mvc\bin\Debug\net8.0\itext.forms.dll","192,5","10/02/2025 05:34:52"
"itext.html2pdf.dll","F:\Projetos dotNet\Web-Project\LabWeb7-Project\LabWebMvc.Mvc\bin\Debug\net8.0\itext.html2pdf.dll","5784","07/02/2025 14:30:46"
"itext.io.dll","F:\Projetos dotNet\Web-Project\LabWeb7-Project\LabWebMvc.Mvc\bin\Debug\net8.0\itext.io.dll","1513,5","10/02/2025 05:28:46"
"itext.kernel.dll","F:\Projetos dotNet\Web-Project\LabWeb7-Project\LabWebMvc.Mvc\bin\Debug\net8.0\itext.kernel.dll","1021,5","10/02/2025 05:32:06"
"itext.layout.dll","F:\Projetos dotNet\Web-Project\LabWeb7-Project\LabWebMvc.Mvc\bin\Debug\net8.0\itext.layout.dll","427,5","10/02/2025 05:33:48"
"itext.licensekey.dll","F:\Projetos dotNet\Web-Project\LabWeb7-Project\LabWebMvc.Mvc\bin\Debug\net8.0\itext.licensekey.dll","51,5","07/11/2024 04:59:30"
"itext.pdfa.dll","F:\Projetos dotNet\Web-Project\LabWeb7-Project\LabWebMvc.Mvc\bin\Debug\net8.0\itext.pdfa.dll","111,5","10/02/2025 05:35:16"
"itext.pdfua.dll","F:\Projetos dotNet\Web-Project\LabWeb7-Project\LabWebMvc.Mvc\bin\Debug\net8.0\itext.pdfua.dll","57","10/02/2025 05:35:24"
"itext.sign.dll","F:\Projetos dotNet\Web-Project\LabWeb7-Project\LabWebMvc.Mvc\bin\Debug\net8.0\itext.sign.dll","278,5","10/02/2025 05:36:18"
"itext.styledxmlparser.dll","F:\Projetos dotNet\Web-Project\LabWeb7-Project\LabWebMvc.Mvc\bin\Debug\net8.0\itext.styledxmlparser.dll","394","10/02/2025 05:34:28"
"itext.svg.dll","F:\Projetos dotNet\Web-Project\LabWeb7-Project\LabWebMvc.Mvc\bin\Debug\net8.0\itext.svg.dll","141","10/02/2025 05:35:10"
"LabWebMvc.MVC.dll","F:\Projetos dotNet\Web-Project\LabWeb7-Project\LabWebMvc.Mvc\bin\Debug\net8.0\LabWebMvc.MVC.dll","1913,5","27/05/2025 21:30:57"
"LabWebMvc.MVC.exe","F:\Projetos dotNet\Web-Project\LabWeb7-Project\LabWebMvc.Mvc\bin\Debug\net8.0\LabWebMvc.MVC.exe","171,5","27/05/2025 21:30:57"
"Microsoft.AspNetCore.JsonPatch.dll","F:\Projetos dotNet\Web-Project\LabWeb7-Project\LabWebMvc.Mvc\bin\Debug\net8.0\Microsoft.AspNetCore.JsonPatch.dll","51,87","12/11/2018 14:28:34"
"Microsoft.AspNetCore.Mvc.Razor.Extensions.dll","F:\Projetos dotNet\Web-Project\LabWeb7-Project\LabWebMvc.Mvc\bin\Debug\net8.0\Microsoft.AspNetCore.Mvc.Razor.Extensions.dll","85,17","23/10/2023 18:30:20"
"Microsoft.AspNetCore.Razor.Language.dll","F:\Projetos dotNet\Web-Project\LabWeb7-Project\LabWebMvc.Mvc\bin\Debug\net8.0\Microsoft.AspNetCore.Razor.Language.dll","986,67","23/10/2023 18:30:12"
"Microsoft.Bcl.AsyncInterfaces.dll","F:\Projetos dotNet\Web-Project\LabWeb7-Project\LabWebMvc.Mvc\bin\Debug\net8.0\Microsoft.Bcl.AsyncInterfaces.dll","18,66","31/10/2023 11:58:50"
"Microsoft.Bcl.Cryptography.dll","F:\Projetos dotNet\Web-Project\LabWeb7-Project\LabWebMvc.Mvc\bin\Debug\net8.0\Microsoft.Bcl.Cryptography.dll","16,27","31/10/2023 11:58:52"
"Microsoft.Bcl.HashCode.dll","F:\Projetos dotNet\Web-Project\LabWeb7-Project\LabWebMvc.Mvc\bin\Debug\net8.0\Microsoft.Bcl.HashCode.dll","13,88","16/11/2020 18:15:52"
"Microsoft.Build.Locator.dll","F:\Projetos dotNet\Web-Project\LabWeb7-Project\LabWebMvc.Mvc\bin\Debug\net8.0\Microsoft.Build.Locator.dll","43,53","13/03/2024 15:40:02"
"Microsoft.CodeAnalysis.AnalyzerUtilities.dll","F:\Projetos dotNet\Web-Project\LabWeb7-Project\LabWebMvc.Mvc\bin\Debug\net8.0\Microsoft.CodeAnalysis.AnalyzerUtilities.dll","530,88","06/06/2020 00:37:20"
"Microsoft.CodeAnalysis.CSharp.dll","F:\Projetos dotNet\Web-Project\LabWeb7-Project\LabWebMvc.Mvc\bin\Debug\net8.0\Microsoft.CodeAnalysis.CSharp.dll","6349,16","08/11/2023 14:56:08"
"Microsoft.CodeAnalysis.CSharp.Features.dll","F:\Projetos dotNet\Web-Project\LabWeb7-Project\LabWebMvc.Mvc\bin\Debug\net8.0\Microsoft.CodeAnalysis.CSharp.Features.dll","1966,78","08/11/2023 14:58:42"
"Microsoft.CodeAnalysis.CSharp.Scripting.dll","F:\Projetos dotNet\Web-Project\LabWeb7-Project\LabWebMvc.Mvc\bin\Debug\net8.0\Microsoft.CodeAnalysis.CSharp.Scripting.dll","33,27","08/11/2023 14:56:16"
"Microsoft.CodeAnalysis.CSharp.Workspaces.dll","F:\Projetos dotNet\Web-Project\LabWeb7-Project\LabWebMvc.Mvc\bin\Debug\net8.0\Microsoft.CodeAnalysis.CSharp.Workspaces.dll","862,77","08/11/2023 14:56:22"
"Microsoft.CodeAnalysis.dll","F:\Projetos dotNet\Web-Project\LabWeb7-Project\LabWebMvc.Mvc\bin\Debug\net8.0\Microsoft.CodeAnalysis.dll","2827,66","08/11/2023 14:46:04"
"Microsoft.CodeAnalysis.Elfie.dll","F:\Projetos dotNet\Web-Project\LabWeb7-Project\LabWebMvc.Mvc\bin\Debug\net8.0\Microsoft.CodeAnalysis.Elfie.dll","142,42","11/05/2022 11:49:42"
"Microsoft.CodeAnalysis.Features.dll","F:\Projetos dotNet\Web-Project\LabWeb7-Project\LabWebMvc.Mvc\bin\Debug\net8.0\Microsoft.CodeAnalysis.Features.dll","4787,77","08/11/2023 14:52:26"
"Microsoft.CodeAnalysis.Razor.dll","F:\Projetos dotNet\Web-Project\LabWeb7-Project\LabWebMvc.Mvc\bin\Debug\net8.0\Microsoft.CodeAnalysis.Razor.dll","90,16","23/10/2023 18:30:18"
"Microsoft.CodeAnalysis.Scripting.dll","F:\Projetos dotNet\Web-Project\LabWeb7-Project\LabWebMvc.Mvc\bin\Debug\net8.0\Microsoft.CodeAnalysis.Scripting.dll","134,67","08/11/2023 14:52:04"
"Microsoft.CodeAnalysis.VisualBasic.dll","F:\Projetos dotNet\Web-Project\LabWeb7-Project\LabWebMvc.Mvc\bin\Debug\net8.0\Microsoft.CodeAnalysis.VisualBasic.dll","4832,77","08/11/2023 14:51:28"
"Microsoft.CodeAnalysis.VisualBasic.Workspaces.dll","F:\Projetos dotNet\Web-Project\LabWeb7-Project\LabWebMvc.Mvc\bin\Debug\net8.0\Microsoft.CodeAnalysis.VisualBasic.Workspaces.dll","771,66","08/11/2023 14:55:50"
"Microsoft.CodeAnalysis.Workspaces.dll","F:\Projetos dotNet\Web-Project\LabWeb7-Project\LabWebMvc.Mvc\bin\Debug\net8.0\Microsoft.CodeAnalysis.Workspaces.dll","3762,16","08/11/2023 14:51:52"
"Microsoft.CodeAnalysis.Workspaces.MSBuild.BuildHost.dll","F:\Projetos dotNet\Web-Project\LabWeb7-Project\LabWebMvc.Mvc\bin\Debug\net8.0\Microsoft.CodeAnalysis.Workspaces.MSBuild.BuildHost.dll","84,66","08/11/2023 14:52:26"
"Microsoft.CodeAnalysis.Workspaces.MSBuild.dll","F:\Projetos dotNet\Web-Project\LabWeb7-Project\LabWebMvc.Mvc\bin\Debug\net8.0\Microsoft.CodeAnalysis.Workspaces.MSBuild.dll","71,16","08/11/2023 15:01:00"
"Microsoft.Data.SqlClient.dll","F:\Projetos dotNet\Web-Project\LabWeb7-Project\LabWebMvc.Mvc\bin\Debug\net8.0\Microsoft.Data.SqlClient.dll","902,63","25/04/2025 16:04:06"
"Microsoft.DiaSymReader.dll","F:\Projetos dotNet\Web-Project\LabWeb7-Project\LabWebMvc.Mvc\bin\Debug\net8.0\Microsoft.DiaSymReader.dll","85,12","28/04/2023 16:31:24"
"Microsoft.DotNet.Interactive.CSharp.dll","F:\Projetos dotNet\Web-Project\LabWeb7-Project\LabWebMvc.Mvc\bin\Debug\net8.0\Microsoft.DotNet.Interactive.CSharp.dll","68,03","11/12/2023 05:19:08"
"Microsoft.DotNet.Interactive.dll","F:\Projetos dotNet\Web-Project\LabWeb7-Project\LabWebMvc.Mvc\bin\Debug\net8.0\Microsoft.DotNet.Interactive.dll","343,03","11/12/2023 05:18:52"
"Microsoft.DotNet.Interactive.Documents.dll","F:\Projetos dotNet\Web-Project\LabWeb7-Project\LabWebMvc.Mvc\bin\Debug\net8.0\Microsoft.DotNet.Interactive.Documents.dll","59,92","11/12/2023 05:18:48"
"Microsoft.DotNet.Interactive.Formatting.dll","F:\Projetos dotNet\Web-Project\LabWeb7-Project\LabWebMvc.Mvc\bin\Debug\net8.0\Microsoft.DotNet.Interactive.Formatting.dll","143,53","11/12/2023 05:18:46"
"Microsoft.DotNet.Interactive.FSharp.dll","F:\Projetos dotNet\Web-Project\LabWeb7-Project\LabWebMvc.Mvc\bin\Debug\net8.0\Microsoft.DotNet.Interactive.FSharp.dll","407,03","11/12/2023 05:19:04"
"Microsoft.DotNet.PlatformAbstractions.dll","F:\Projetos dotNet\Web-Project\LabWeb7-Project\LabWebMvc.Mvc\bin\Debug\net8.0\Microsoft.DotNet.PlatformAbstractions.dll","20,98","08/11/2016 19:14:04"
"Microsoft.EntityFrameworkCore.Abstractions.dll","F:\Projetos dotNet\Web-Project\LabWeb7-Project\LabWebMvc.Mvc\bin\Debug\net8.0\Microsoft.EntityFrameworkCore.Abstractions.dll","34,07","14/03/2025 01:44:42"
"Microsoft.EntityFrameworkCore.Design.dll","F:\Projetos dotNet\Web-Project\LabWeb7-Project\LabWebMvc.Mvc\bin\Debug\net8.0\Microsoft.EntityFrameworkCore.Design.dll","608,55","14/03/2025 01:45:50"
"Microsoft.EntityFrameworkCore.dll","F:\Projetos dotNet\Web-Project\LabWeb7-Project\LabWebMvc.Mvc\bin\Debug\net8.0\Microsoft.EntityFrameworkCore.dll","2629,05","14/03/2025 01:45:22"
"Microsoft.EntityFrameworkCore.Relational.dll","F:\Projetos dotNet\Web-Project\LabWeb7-Project\LabWebMvc.Mvc\bin\Debug\net8.0\Microsoft.EntityFrameworkCore.Relational.dll","2091,57","14/03/2025 01:45:42"
"Microsoft.EntityFrameworkCore.SqlServer.dll","F:\Projetos dotNet\Web-Project\LabWeb7-Project\LabWebMvc.Mvc\bin\Debug\net8.0\Microsoft.EntityFrameworkCore.SqlServer.dll","599,55","14/03/2025 01:46:52"
"Microsoft.Extensions.Caching.Abstractions.dll","F:\Projetos dotNet\Web-Project\LabWeb7-Project\LabWebMvc.Mvc\bin\Debug\net8.0\Microsoft.Extensions.Caching.Abstractions.dll","35,8","13/03/2025 19:15:50"
"Microsoft.Extensions.Caching.Memory.dll","F:\Projetos dotNet\Web-Project\LabWeb7-Project\LabWebMvc.Mvc\bin\Debug\net8.0\Microsoft.Extensions.Caching.Memory.dll","46,3","13/03/2025 19:17:00"
"Microsoft.Extensions.Caching.SqlServer.dll","F:\Projetos dotNet\Web-Project\LabWeb7-Project\LabWebMvc.Mvc\bin\Debug\net8.0\Microsoft.Extensions.Caching.SqlServer.dll","50,29","14/03/2025 14:05:50"
"Microsoft.Extensions.Configuration.Abstractions.dll","F:\Projetos dotNet\Web-Project\LabWeb7-Project\LabWebMvc.Mvc\bin\Debug\net8.0\Microsoft.Extensions.Configuration.Abstractions.dll","27,76","13/03/2025 19:14:54"
"Microsoft.Extensions.Configuration.Binder.dll","F:\Projetos dotNet\Web-Project\LabWeb7-Project\LabWebMvc.Mvc\bin\Debug\net8.0\Microsoft.Extensions.Configuration.Binder.dll","42,79","13/03/2025 19:15:00"
"Microsoft.Extensions.Configuration.dll","F:\Projetos dotNet\Web-Project\LabWeb7-Project\LabWebMvc.Mvc\bin\Debug\net8.0\Microsoft.Extensions.Configuration.dll","43,3","13/03/2025 19:15:00"
"Microsoft.Extensions.DependencyInjection.Abstractions.dll","F:\Projetos dotNet\Web-Project\LabWeb7-Project\LabWebMvc.Mvc\bin\Debug\net8.0\Microsoft.Extensions.DependencyInjection.Abstractions.dll","63,76","13/03/2025 19:08:04"
"Microsoft.Extensions.DependencyInjection.dll","F:\Projetos dotNet\Web-Project\LabWeb7-Project\LabWebMvc.Mvc\bin\Debug\net8.0\Microsoft.Extensions.DependencyInjection.dll","90,3","13/03/2025 19:11:22"
"Microsoft.Extensions.DependencyModel.dll","F:\Projetos dotNet\Web-Project\LabWeb7-Project\LabWebMvc.Mvc\bin\Debug\net8.0\Microsoft.Extensions.DependencyModel.dll","82,3","13/03/2025 19:16:12"
"Microsoft.Extensions.Logging.Abstractions.dll","F:\Projetos dotNet\Web-Project\LabWeb7-Project\LabWebMvc.Mvc\bin\Debug\net8.0\Microsoft.Extensions.Logging.Abstractions.dll","64,76","13/03/2025 19:13:30"
"Microsoft.Extensions.Logging.Configuration.dll","F:\Projetos dotNet\Web-Project\LabWeb7-Project\LabWebMvc.Mvc\bin\Debug\net8.0\Microsoft.Extensions.Logging.Configuration.dll","27,27","13/03/2025 19:17:24"
"Microsoft.Extensions.Logging.dll","F:\Projetos dotNet\Web-Project\LabWeb7-Project\LabWebMvc.Mvc\bin\Debug\net8.0\Microsoft.Extensions.Logging.dll","50,3","13/03/2025 19:16:46"
"Microsoft.Extensions.Logging.EventLog.dll","F:\Projetos dotNet\Web-Project\LabWeb7-Project\LabWebMvc.Mvc\bin\Debug\net8.0\Microsoft.Extensions.Logging.EventLog.dll","25,26","13/03/2025 19:16:52"
"Microsoft.Extensions.Options.ConfigurationExtensions.dll","F:\Projetos dotNet\Web-Project\LabWeb7-Project\LabWebMvc.Mvc\bin\Debug\net8.0\Microsoft.Extensions.Options.ConfigurationExtensions.dll","22,27","13/03/2025 19:17:00"
"Microsoft.Extensions.Options.dll","F:\Projetos dotNet\Web-Project\LabWeb7-Project\LabWebMvc.Mvc\bin\Debug\net8.0\Microsoft.Extensions.Options.dll","63,77","13/03/2025 19:16:00"
"Microsoft.Extensions.Primitives.dll","F:\Projetos dotNet\Web-Project\LabWeb7-Project\LabWebMvc.Mvc\bin\Debug\net8.0\Microsoft.Extensions.Primitives.dll","43,26","13/03/2025 19:12:26"
"Microsoft.Identity.Client.dll","F:\Projetos dotNet\Web-Project\LabWeb7-Project\LabWebMvc.Mvc\bin\Debug\net8.0\Microsoft.Identity.Client.dll","981,03","14/01/2025 14:40:18"
"Microsoft.Identity.Client.Extensions.Msal.dll","F:\Projetos dotNet\Web-Project\LabWeb7-Project\LabWebMvc.Mvc\bin\Debug\net8.0\Microsoft.Identity.Client.Extensions.Msal.dll","65,05","14/01/2025 14:46:10"
"Microsoft.IdentityModel.Abstractions.dll","F:\Projetos dotNet\Web-Project\LabWeb7-Project\LabWebMvc.Mvc\bin\Debug\net8.0\Microsoft.IdentityModel.Abstractions.dll","19,03","26/03/2024 15:40:22"
"Microsoft.IdentityModel.JsonWebTokens.dll","F:\Projetos dotNet\Web-Project\LabWeb7-Project\LabWebMvc.Mvc\bin\Debug\net8.0\Microsoft.IdentityModel.JsonWebTokens.dll","129,03","26/03/2024 15:40:04"
"Microsoft.IdentityModel.Logging.dll","F:\Projetos dotNet\Web-Project\LabWeb7-Project\LabWebMvc.Mvc\bin\Debug\net8.0\Microsoft.IdentityModel.Logging.dll","36,04","26/03/2024 15:40:22"
"Microsoft.IdentityModel.Protocols.dll","F:\Projetos dotNet\Web-Project\LabWeb7-Project\LabWebMvc.Mvc\bin\Debug\net8.0\Microsoft.IdentityModel.Protocols.dll","39,94","26/03/2024 15:40:22"
"Microsoft.IdentityModel.Protocols.OpenIdConnect.dll","F:\Projetos dotNet\Web-Project\LabWeb7-Project\LabWebMvc.Mvc\bin\Debug\net8.0\Microsoft.IdentityModel.Protocols.OpenIdConnect.dll","117,53","26/03/2024 15:40:04"
"Microsoft.IdentityModel.Tokens.dll","F:\Projetos dotNet\Web-Project\LabWeb7-Project\LabWebMvc.Mvc\bin\Debug\net8.0\Microsoft.IdentityModel.Tokens.dll","283,94","26/03/2024 15:40:46"
"Microsoft.SqlServer.Server.dll","F:\Projetos dotNet\Web-Project\LabWeb7-Project\LabWebMvc.Mvc\bin\Debug\net8.0\Microsoft.SqlServer.Server.dll","23,41","27/01/2022 14:19:08"
"Microsoft.Win32.SystemEvents.dll","F:\Projetos dotNet\Web-Project\LabWeb7-Project\LabWebMvc.Mvc\bin\Debug\net8.0\Microsoft.Win32.SystemEvents.dll","25,77","13/03/2025 19:12:30"
"Mono.TextTemplating.dll","F:\Projetos dotNet\Web-Project\LabWeb7-Project\LabWebMvc.Mvc\bin\Debug\net8.0\Mono.TextTemplating.dll","173,5","03/09/2024 18:57:16"
"Newtonsoft.Json.Bson.dll","F:\Projetos dotNet\Web-Project\LabWeb7-Project\LabWebMvc.Mvc\bin\Debug\net8.0\Newtonsoft.Json.Bson.dll","88,5","20/08/2021 08:22:49"
"Newtonsoft.Json.dll","F:\Projetos dotNet\Web-Project\LabWeb7-Project\LabWebMvc.Mvc\bin\Debug\net8.0\Newtonsoft.Json.dll","695,77","08/03/2023 04:09:54"
"PdfSharpCore.dll","F:\Projetos dotNet\Web-Project\LabWeb7-Project\LabWebMvc.Mvc\bin\Debug\net8.0\PdfSharpCore.dll","517","03/04/2025 17:55:06"
"QRCodeDecoderLibrary.dll","F:\Projetos dotNet\Web-Project\LabWeb7-Project\LabWebMvc.Mvc\bin\Debug\net8.0\QRCodeDecoderLibrary.dll","68","19/09/2024 09:34:18"
"QRCodeEncoderLibrary.dll","F:\Projetos dotNet\Web-Project\LabWeb7-Project\LabWebMvc.Mvc\bin\Debug\net8.0\QRCodeEncoderLibrary.dll","43,5","19/09/2024 09:41:34"
"RasterEdge.Imaging.dll","F:\Projetos dotNet\Web-Project\LabWeb7-Project\LabWebMvc.Mvc\bin\Debug\net8.0\RasterEdge.Imaging.dll","2685","17/04/2025 00:11:12"
"RasterEdge.XDoc.PDF.dll","F:\Projetos dotNet\Web-Project\LabWeb7-Project\LabWebMvc.Mvc\bin\Debug\net8.0\RasterEdge.XDoc.PDF.dll","8846,5","17/04/2025 00:11:20"
"RasterEdge.XDoc.TIFF.dll","F:\Projetos dotNet\Web-Project\LabWeb7-Project\LabWebMvc.Mvc\bin\Debug\net8.0\RasterEdge.XDoc.TIFF.dll","163","17/04/2025 00:11:16"
"RasterEdge.XImage.BarcodeCreator.dll","F:\Projetos dotNet\Web-Project\LabWeb7-Project\LabWebMvc.Mvc\bin\Debug\net8.0\RasterEdge.XImage.BarcodeCreator.dll","356","17/04/2025 00:11:14"
"RasterEdge.XImage.BarcodeScanner.dll","F:\Projetos dotNet\Web-Project\LabWeb7-Project\LabWebMvc.Mvc\bin\Debug\net8.0\RasterEdge.XImage.BarcodeScanner.dll","252","17/04/2025 00:11:14"
"RasterEdge.XImage.OCR.dll","F:\Projetos dotNet\Web-Project\LabWeb7-Project\LabWebMvc.Mvc\bin\Debug\net8.0\RasterEdge.XImage.OCR.dll","7708","17/04/2025 00:11:16"
"RasterEdge.XImage.Raster.dll","F:\Projetos dotNet\Web-Project\LabWeb7-Project\LabWebMvc.Mvc\bin\Debug\net8.0\RasterEdge.XImage.Raster.dll","20964,5","17/04/2025 00:11:12"
"RazorInteractive.dll","F:\Projetos dotNet\Web-Project\LabWeb7-Project\LabWebMvc.Mvc\bin\Debug\net8.0\RazorInteractive.dll","16,5","29/12/2023 17:14:06"
"RazorLight.dll","F:\Projetos dotNet\Web-Project\LabWeb7-Project\LabWebMvc.Mvc\bin\Debug\net8.0\RazorLight.dll","135","16/01/2023 16:49:14"
"Recaptcha.Web.dll","F:\Projetos dotNet\Web-Project\LabWeb7-Project\LabWebMvc.Mvc\bin\Debug\net8.0\Recaptcha.Web.dll","15","20/01/2021 04:25:16"
"Serilog.dll","F:\Projetos dotNet\Web-Project\LabWeb7-Project\LabWebMvc.Mvc\bin\Debug\net8.0\Serilog.dll","157,5","06/12/2024 01:11:50"
"SixLabors.Fonts.dll","F:\Projetos dotNet\Web-Project\LabWeb7-Project\LabWebMvc.Mvc\bin\Debug\net8.0\SixLabors.Fonts.dll","1116","26/04/2025 04:39:52"
"SixLabors.ImageSharp.dll","F:\Projetos dotNet\Web-Project\LabWeb7-Project\LabWebMvc.Mvc\bin\Debug\net8.0\SixLabors.ImageSharp.dll","2050,5","26/04/2025 08:45:26"
"SixLabors.ImageSharp.Drawing.dll","F:\Projetos dotNet\Web-Project\LabWeb7-Project\LabWebMvc.Mvc\bin\Debug\net8.0\SixLabors.ImageSharp.Drawing.dll","176","26/04/2025 09:27:24"
"SQLite-net.dll","F:\Projetos dotNet\Web-Project\LabWeb7-Project\LabWebMvc.Mvc\bin\Debug\net8.0\SQLite-net.dll","99","02/09/2021 18:04:32"
"SQLitePCLRaw.batteries_v2.dll","F:\Projetos dotNet\Web-Project\LabWeb7-Project\LabWebMvc.Mvc\bin\Debug\net8.0\SQLitePCLRaw.batteries_v2.dll","6","03/09/2020 14:13:26"
"SQLitePCLRaw.core.dll","F:\Projetos dotNet\Web-Project\LabWeb7-Project\LabWebMvc.Mvc\bin\Debug\net8.0\SQLitePCLRaw.core.dll","45,5","03/09/2020 14:13:04"
"SQLitePCLRaw.nativelibrary.dll","F:\Projetos dotNet\Web-Project\LabWeb7-Project\LabWebMvc.Mvc\bin\Debug\net8.0\SQLitePCLRaw.nativelibrary.dll","5,5","03/09/2020 14:13:02"
"SQLitePCLRaw.provider.dynamic_cdecl.dll","F:\Projetos dotNet\Web-Project\LabWeb7-Project\LabWebMvc.Mvc\bin\Debug\net8.0\SQLitePCLRaw.provider.dynamic_cdecl.dll","56","03/09/2020 14:13:18"
"Syslog.Framework.Logging.dll","F:\Projetos dotNet\Web-Project\LabWeb7-Project\LabWebMvc.Mvc\bin\Debug\net8.0\Syslog.Framework.Logging.dll","17","02/01/2019 20:24:28"
"System.ClientModel.dll","F:\Projetos dotNet\Web-Project\LabWeb7-Project\LabWebMvc.Mvc\bin\Debug\net8.0\System.ClientModel.dll","108,52","17/09/2024 13:20:22"
"System.CodeDom.dll","F:\Projetos dotNet\Web-Project\LabWeb7-Project\LabWebMvc.Mvc\bin\Debug\net8.0\System.CodeDom.dll","182,12","18/10/2022 13:16:40"
"System.CommandLine.dll","F:\Projetos dotNet\Web-Project\LabWeb7-Project\LabWebMvc.Mvc\bin\Debug\net8.0\System.CommandLine.dll","200,41","22/05/2022 16:39:50"
"System.CommandLine.NamingConventionBinder.dll","F:\Projetos dotNet\Web-Project\LabWeb7-Project\LabWebMvc.Mvc\bin\Debug\net8.0\System.CommandLine.NamingConventionBinder.dll","50,41","22/05/2022 16:39:56"
"System.Composition.AttributedModel.dll","F:\Projetos dotNet\Web-Project\LabWeb7-Project\LabWebMvc.Mvc\bin\Debug\net8.0\System.Composition.AttributedModel.dll","19,62","18/10/2022 13:15:26"
"System.Composition.Convention.dll","F:\Projetos dotNet\Web-Project\LabWeb7-Project\LabWebMvc.Mvc\bin\Debug\net8.0\System.Composition.Convention.dll","52,62","18/10/2022 13:15:46"
"System.Composition.Hosting.dll","F:\Projetos dotNet\Web-Project\LabWeb7-Project\LabWebMvc.Mvc\bin\Debug\net8.0\System.Composition.Hosting.dll","54,14","18/10/2022 13:16:00"
"System.Composition.Runtime.dll","F:\Projetos dotNet\Web-Project\LabWeb7-Project\LabWebMvc.Mvc\bin\Debug\net8.0\System.Composition.Runtime.dll","25,62","18/10/2022 13:15:46"
"System.Composition.TypedParts.dll","F:\Projetos dotNet\Web-Project\LabWeb7-Project\LabWebMvc.Mvc\bin\Debug\net8.0\System.Composition.TypedParts.dll","63,64","18/10/2022 13:16:02"
"System.Configuration.ConfigurationManager.dll","F:\Projetos dotNet\Web-Project\LabWeb7-Project\LabWebMvc.Mvc\bin\Debug\net8.0\System.Configuration.ConfigurationManager.dll","431,76","13/03/2025 19:14:46"
"System.Diagnostics.DiagnosticSource.dll","F:\Projetos dotNet\Web-Project\LabWeb7-Project\LabWebMvc.Mvc\bin\Debug\net8.0\System.Diagnostics.DiagnosticSource.dll","169,28","13/03/2025 19:08:24"
"System.Diagnostics.EventLog.dll","F:\Projetos dotNet\Web-Project\LabWeb7-Project\LabWebMvc.Mvc\bin\Debug\net8.0\System.Diagnostics.EventLog.dll","51,29","13/03/2025 19:08:20"
"System.Drawing.Common.dll","F:\Projetos dotNet\Web-Project\LabWeb7-Project\LabWebMvc.Mvc\bin\Debug\net8.0\System.Drawing.Common.dll","462,77","14/03/2025 01:47:04"
"System.Formats.Asn1.dll","F:\Projetos dotNet\Web-Project\LabWeb7-Project\LabWebMvc.Mvc\bin\Debug\net8.0\System.Formats.Asn1.dll","93,76","13/03/2025 19:08:26"
"System.IdentityModel.Tokens.Jwt.dll","F:\Projetos dotNet\Web-Project\LabWeb7-Project\LabWebMvc.Mvc\bin\Debug\net8.0\System.IdentityModel.Tokens.Jwt.dll","82,03","26/03/2024 15:38:42"
"System.IO.Hashing.dll","F:\Projetos dotNet\Web-Project\LabWeb7-Project\LabWebMvc.Mvc\bin\Debug\net8.0\System.IO.Hashing.dll","28,61","22/10/2021 20:47:54"
"System.IO.Packaging.dll","F:\Projetos dotNet\Web-Project\LabWeb7-Project\LabWebMvc.Mvc\bin\Debug\net8.0\System.IO.Packaging.dll","119,63","15/05/2018 10:29:38"
"System.IO.Pipelines.dll","F:\Projetos dotNet\Web-Project\LabWeb7-Project\LabWebMvc.Mvc\bin\Debug\net8.0\System.IO.Pipelines.dll","75,77","13/03/2025 19:08:50"
"System.Management.dll","F:\Projetos dotNet\Web-Project\LabWeb7-Project\LabWebMvc.Mvc\bin\Debug\net8.0\System.Management.dll","72,61","24/05/2023 11:46:16"
"System.Memory.Data.dll","F:\Projetos dotNet\Web-Project\LabWeb7-Project\LabWebMvc.Mvc\bin\Debug\net8.0\System.Memory.Data.dll","27,6","22/10/2021 20:47:56"
"System.Private.Windows.Core.dll","F:\Projetos dotNet\Web-Project\LabWeb7-Project\LabWebMvc.Mvc\bin\Debug\net8.0\System.Private.Windows.Core.dll","835,27","14/03/2025 01:47:00"
"System.Reactive.dll","F:\Projetos dotNet\Web-Project\LabWeb7-Project\LabWebMvc.Mvc\bin\Debug\net8.0\System.Reactive.dll","1312,58","19/05/2023 02:42:22"
"System.Runtime.InteropServices.WindowsRuntime.dll","F:\Projetos dotNet\Web-Project\LabWeb7-Project\LabWebMvc.Mvc\bin\Debug\net8.0\System.Runtime.InteropServices.WindowsRuntime.dll","22,3","05/11/2016 01:56:52"
"System.Security.Cryptography.Pkcs.dll","F:\Projetos dotNet\Web-Project\LabWeb7-Project\LabWebMvc.Mvc\bin\Debug\net8.0\System.Security.Cryptography.Pkcs.dll","258,66","16/09/2024 20:09:56"
"System.Security.Cryptography.ProtectedData.dll","F:\Projetos dotNet\Web-Project\LabWeb7-Project\LabWebMvc.Mvc\bin\Debug\net8.0\System.Security.Cryptography.ProtectedData.dll","36,79","13/03/2025 19:07:48"
"System.Text.Encodings.Web.dll","F:\Projetos dotNet\Web-Project\LabWeb7-Project\LabWebMvc.Mvc\bin\Debug\net8.0\System.Text.Encodings.Web.dll","69,29","13/03/2025 19:08:02"
"System.Text.Json.dll","F:\Projetos dotNet\Web-Project\LabWeb7-Project\LabWebMvc.Mvc\bin\Debug\net8.0\System.Text.Json.dll","628,77","13/03/2025 19:16:10"
"WaterTrans.GlyphLoader.dll","F:\Projetos dotNet\Web-Project\LabWeb7-Project\LabWebMvc.Mvc\bin\Debug\net8.0\WaterTrans.GlyphLoader.dll","117","03/06/2020 11:46:32"
"xunit.abstractions.dll","F:\Projetos dotNet\Web-Project\LabWeb7-Project\LabWebMvc.Mvc\bin\Debug\net8.0\xunit.abstractions.dll","21,41","25/08/2018 16:54:14"
"xunit.assert.dll","F:\Projetos dotNet\Web-Project\LabWeb7-Project\LabWebMvc.Mvc\bin\Debug\net8.0\xunit.assert.dll","182,7","08/01/2025 14:29:24"
"xunit.core.dll","F:\Projetos dotNet\Web-Project\LabWeb7-Project\LabWebMvc.Mvc\bin\Debug\net8.0\xunit.core.dll","68,7","08/01/2025 14:29:58"
"xunit.execution.dotnet.dll","F:\Projetos dotNet\Web-Project\LabWeb7-Project\LabWebMvc.Mvc\bin\Debug\net8.0\xunit.execution.dotnet.dll","273,2","08/01/2025 14:30:02"
"LabWebMvc.MVC.dll","F:\Projetos dotNet\Web-Project\LabWeb7-Project\LabWebMvc.Mvc\obj\Debug\net8.0\ref\LabWebMvc.MVC.dll","353,5","27/05/2025 21:30:57"
"LabWebMvc.MVC.dll","F:\Projetos dotNet\Web-Project\LabWeb7-Project\LabWebMvc.Mvc\obj\Debug\net8.0\refint\LabWebMvc.MVC.dll","353,5","27/05/2025 21:30:57"
"apphost.exe","F:\Projetos dotNet\Web-Project\LabWeb7-Project\LabWebMvc.Mvc\obj\Debug\net8.0\apphost.exe","171,5","27/05/2025 21:30:57"
"LabWebMvc.MVC.dll","F:\Projetos dotNet\Web-Project\LabWeb7-Project\LabWebMvc.Mvc\obj\Debug\net8.0\LabWebMvc.MVC.dll","1913,5","27/05/2025 21:30:57"
